-- phpMyAdmin SQL Dump
-- version 5.2.1
-- https://www.phpmyadmin.net/
--
-- Host: localhost:3306
-- Generation Time: Aug 27, 2024 at 03:55 PM
-- Server version: 8.0.30
-- PHP Version: 8.3.8

SET SQL_MODE = "NO_AUTO_VALUE_ON_ZERO";
START TRANSACTION;
SET time_zone = "+00:00";


/*!40101 SET @OLD_CHARACTER_SET_CLIENT=@@CHARACTER_SET_CLIENT */;
/*!40101 SET @OLD_CHARACTER_SET_RESULTS=@@CHARACTER_SET_RESULTS */;
/*!40101 SET @OLD_COLLATION_CONNECTION=@@COLLATION_CONNECTION */;
/*!40101 SET NAMES utf8mb4 */;

--
-- Database: `electronics`
--

-- --------------------------------------------------------

--
-- Table structure for table `aboutuses`
--

CREATE TABLE `aboutuses` (
  `id` bigint UNSIGNED NOT NULL,
  `title` varchar(255) COLLATE utf8mb4_unicode_ci DEFAULT NULL,
  `description` text COLLATE utf8mb4_unicode_ci,
  `image` varchar(255) COLLATE utf8mb4_unicode_ci DEFAULT NULL,
  `created_at` timestamp NULL DEFAULT NULL,
  `updated_at` timestamp NULL DEFAULT NULL
) ENGINE=InnoDB DEFAULT CHARSET=utf8mb4 COLLATE=utf8mb4_unicode_ci;

-- --------------------------------------------------------

--
-- Table structure for table `admins`
--

CREATE TABLE `admins` (
  `id` bigint UNSIGNED NOT NULL,
  `name` varchar(255) COLLATE utf8mb4_unicode_ci NOT NULL,
  `email` varchar(255) COLLATE utf8mb4_unicode_ci NOT NULL,
  `password` varchar(255) COLLATE utf8mb4_unicode_ci NOT NULL,
  `image` varchar(255) COLLATE utf8mb4_unicode_ci DEFAULT NULL,
  `status` tinyint NOT NULL,
  `created_at` timestamp NULL DEFAULT NULL,
  `updated_at` timestamp NULL DEFAULT NULL
) ENGINE=InnoDB DEFAULT CHARSET=utf8mb4 COLLATE=utf8mb4_unicode_ci;

--
-- Dumping data for table `admins`
--

INSERT INTO `admins` (`id`, `name`, `email`, `password`, `image`, `status`, `created_at`, `updated_at`) VALUES
(4, 'admin', 'admin@gmail.com', '$2y$10$LQQvA3HNQ2/Dt7OLHeIPsOaaxNN64nVPPa5DT9xIR.PLbXg3zJWaC', '', 1, NULL, NULL);

-- --------------------------------------------------------

--
-- Table structure for table `brands`
--

CREATE TABLE `brands` (
  `id` bigint UNSIGNED NOT NULL,
  `name` varchar(255) COLLATE utf8mb4_unicode_ci DEFAULT NULL,
  `description` text COLLATE utf8mb4_unicode_ci,
  `status` tinyint(1) NOT NULL DEFAULT '1',
  `image` varchar(255) COLLATE utf8mb4_unicode_ci DEFAULT NULL,
  `created_at` timestamp NULL DEFAULT NULL,
  `updated_at` timestamp NULL DEFAULT NULL
) ENGINE=InnoDB DEFAULT CHARSET=utf8mb4 COLLATE=utf8mb4_unicode_ci;

--
-- Dumping data for table `brands`
--

INSERT INTO `brands` (`id`, `name`, `description`, `status`, `image`, `created_at`, `updated_at`) VALUES
(1, 'Nokia', 'Nokia brand', 1, '2024-08-27-66cd902a661a9.png', '2024-08-27 02:36:58', '2024-08-27 02:36:58'),
(2, 'Samsung', 'Samsung', 1, '2024-08-27-66cd90430666b.png', '2024-08-27 02:37:23', '2024-08-27 02:37:23'),
(3, 'HP', 'HP', 1, '2024-08-27-66cd905783d9d.png', '2024-08-27 02:37:43', '2024-08-27 02:37:43'),
(4, 'Nikkon', 'Nikkon', 1, '2024-08-27-66cd906a695d0.png', '2024-08-27 02:38:02', '2024-08-27 02:38:02'),
(5, 'Canon', 'Canon', 1, '2024-08-27-66cd907ff300a.png', '2024-08-27 02:38:23', '2024-08-27 02:38:23'),
(6, 'Iphone', 'Iphone', 1, '2024-08-27-66cd96cf687b0.png', '2024-08-27 03:05:19', '2024-08-27 03:05:19');

-- --------------------------------------------------------

--
-- Table structure for table `carts`
--

CREATE TABLE `carts` (
  `id` bigint UNSIGNED NOT NULL,
  `user_id` int NOT NULL,
  `product_id` int NOT NULL,
  `product_image` varchar(255) COLLATE utf8mb4_unicode_ci NOT NULL,
  `product_name` varchar(255) COLLATE utf8mb4_unicode_ci NOT NULL,
  `product_quantity` int NOT NULL,
  `product_price` int NOT NULL,
  `product_subtotal` int DEFAULT NULL,
  `created_at` timestamp NULL DEFAULT NULL,
  `updated_at` timestamp NULL DEFAULT NULL
) ENGINE=InnoDB DEFAULT CHARSET=utf8mb4 COLLATE=utf8mb4_unicode_ci;

--
-- Dumping data for table `carts`
--

INSERT INTO `carts` (`id`, `user_id`, `product_id`, `product_image`, `product_name`, `product_quantity`, `product_price`, `product_subtotal`, `created_at`, `updated_at`) VALUES
(2, 2, 3, '2024-08-27-66cd9821039dd.png', 'Canon 1000d', 2, 80100, 160200, '2024-08-27 04:12:05', '2024-08-27 04:16:45'),
(3, 2, 5, '2024-08-27-66cd9bac8d08c.png', 'High Performance Desktop', 1, 350000, 350000, '2024-08-27 04:20:29', '2024-08-27 04:20:29');

-- --------------------------------------------------------

--
-- Table structure for table `categories`
--

CREATE TABLE `categories` (
  `id` bigint UNSIGNED NOT NULL,
  `name` varchar(255) COLLATE utf8mb4_unicode_ci DEFAULT NULL,
  `description` text COLLATE utf8mb4_unicode_ci,
  `image` varchar(255) COLLATE utf8mb4_unicode_ci DEFAULT NULL,
  `created_at` timestamp NULL DEFAULT NULL,
  `updated_at` timestamp NULL DEFAULT NULL
) ENGINE=InnoDB DEFAULT CHARSET=utf8mb4 COLLATE=utf8mb4_unicode_ci;

--
-- Dumping data for table `categories`
--

INSERT INTO `categories` (`id`, `name`, `description`, `image`, `created_at`, `updated_at`) VALUES
(1, 'Mobile', 'mobile category', '2024-08-27-66cd8e5d07427.png', '2024-08-27 02:29:17', '2024-08-27 02:29:17'),
(2, 'Camera', 'Camera category', '2024-08-27-66cd8e736b764.png', '2024-08-27 02:29:39', '2024-08-27 02:29:39'),
(3, 'Computer', 'Computer category', '2024-08-27-66cd8e947a66c.png', '2024-08-27 02:30:12', '2024-08-27 02:30:12'),
(4, 'House Accessories', 'House Accessories', '2024-08-27-66cd98a25c354.png', '2024-08-27 03:13:06', '2024-08-27 03:13:06'),
(5, 'Electronics', 'Electronics', '2024-08-27-66cd98c57233f.png', '2024-08-27 03:13:41', '2024-08-27 03:13:41'),
(6, 'Gadgets', 'Gadgets', '2024-08-27-66cd98f36aba8.png', '2024-08-27 03:14:27', '2024-08-27 03:14:27');

-- --------------------------------------------------------

--
-- Table structure for table `checkouts`
--

CREATE TABLE `checkouts` (
  `id` bigint UNSIGNED NOT NULL,
  `grand_total` int DEFAULT NULL,
  `shipping_address` text COLLATE utf8mb4_unicode_ci,
  `payment_method` varchar(255) COLLATE utf8mb4_unicode_ci DEFAULT NULL,
  `created_at` timestamp NULL DEFAULT NULL,
  `updated_at` timestamp NULL DEFAULT NULL
) ENGINE=InnoDB DEFAULT CHARSET=utf8mb4 COLLATE=utf8mb4_unicode_ci;

--
-- Dumping data for table `checkouts`
--

INSERT INTO `checkouts` (`id`, `grand_total`, `shipping_address`, `payment_method`, `created_at`, `updated_at`) VALUES
(3, 510300, 'uttara,dhaka, bangladesh', 'cod', '2024-08-27 04:49:37', '2024-08-27 04:49:37'),
(4, 510300, 'Aspernatur minus iru', 'cod', '2024-08-27 04:50:09', '2024-08-27 04:50:09'),
(5, 510300, NULL, 'cod', '2024-08-27 04:51:54', '2024-08-27 04:51:54');

-- --------------------------------------------------------

--
-- Table structure for table `contacts`
--

CREATE TABLE `contacts` (
  `id` bigint UNSIGNED NOT NULL,
  `name` varchar(255) COLLATE utf8mb4_unicode_ci DEFAULT NULL,
  `email` varchar(255) COLLATE utf8mb4_unicode_ci DEFAULT NULL,
  `subject` varchar(255) COLLATE utf8mb4_unicode_ci DEFAULT NULL,
  `description` text COLLATE utf8mb4_unicode_ci,
  `status` tinyint(1) NOT NULL DEFAULT '0',
  `created_at` timestamp NULL DEFAULT NULL,
  `updated_at` timestamp NULL DEFAULT NULL
) ENGINE=InnoDB DEFAULT CHARSET=utf8mb4 COLLATE=utf8mb4_unicode_ci;

-- --------------------------------------------------------

--
-- Table structure for table `failed_jobs`
--

CREATE TABLE `failed_jobs` (
  `id` bigint UNSIGNED NOT NULL,
  `uuid` varchar(255) COLLATE utf8mb4_unicode_ci NOT NULL,
  `connection` text COLLATE utf8mb4_unicode_ci NOT NULL,
  `queue` text COLLATE utf8mb4_unicode_ci NOT NULL,
  `payload` longtext COLLATE utf8mb4_unicode_ci NOT NULL,
  `exception` longtext COLLATE utf8mb4_unicode_ci NOT NULL,
  `failed_at` timestamp NOT NULL DEFAULT CURRENT_TIMESTAMP
) ENGINE=InnoDB DEFAULT CHARSET=utf8mb4 COLLATE=utf8mb4_unicode_ci;

-- --------------------------------------------------------

--
-- Table structure for table `migrations`
--

CREATE TABLE `migrations` (
  `id` int UNSIGNED NOT NULL,
  `migration` varchar(255) COLLATE utf8mb4_unicode_ci NOT NULL,
  `batch` int NOT NULL
) ENGINE=InnoDB DEFAULT CHARSET=utf8mb4 COLLATE=utf8mb4_unicode_ci;

--
-- Dumping data for table `migrations`
--

INSERT INTO `migrations` (`id`, `migration`, `batch`) VALUES
(43, '2014_10_12_000000_create_users_table', 1),
(44, '2014_10_12_100000_create_password_resets_table', 1),
(45, '2019_08_19_000000_create_failed_jobs_table', 1),
(46, '2019_12_14_000001_create_personal_access_tokens_table', 1),
(47, '2024_07_07_173916_create_categories_table', 1),
(48, '2024_07_09_175040_create_sliders_table', 1),
(49, '2024_07_09_181653_create_sub_categories_table', 1),
(50, '2024_07_14_091337_create_brands_table', 1),
(51, '2024_07_14_094733_create_products_table', 1),
(52, '2024_07_19_031318_create_aboutuses_table', 1),
(53, '2024_07_19_045457_create_site_settings_table', 1),
(54, '2024_07_19_110940_create_contacts_table', 1),
(55, '2024_07_21_073002_create_carts_table', 1),
(56, '2024_07_24_052055_create_reviews_table', 1),
(57, '2024_07_28_174410_create_admins_table', 1),
(58, '2024_08_19_042925_create_checkouts_table', 1),
(59, '2024_08_20_191458_create_order_histories_table', 1);

-- --------------------------------------------------------

--
-- Table structure for table `order_histories`
--

CREATE TABLE `order_histories` (
  `id` bigint UNSIGNED NOT NULL,
  `checkout_id` int NOT NULL,
  `user_id` int NOT NULL,
  `product_id` int NOT NULL,
  `product_price` int DEFAULT NULL,
  `product_quantity` int DEFAULT NULL,
  `product_subtotal` int DEFAULT NULL,
  `created_at` timestamp NULL DEFAULT NULL,
  `updated_at` timestamp NULL DEFAULT NULL
) ENGINE=InnoDB DEFAULT CHARSET=utf8mb4 COLLATE=utf8mb4_unicode_ci;

--
-- Dumping data for table `order_histories`
--

INSERT INTO `order_histories` (`id`, `checkout_id`, `user_id`, `product_id`, `product_price`, `product_quantity`, `product_subtotal`, `created_at`, `updated_at`) VALUES
(5, 3, 2, 3, 80100, 2, 160200, '2024-08-27 04:49:37', '2024-08-27 04:49:37'),
(6, 3, 2, 5, 350000, 1, 350000, '2024-08-27 04:49:37', '2024-08-27 04:49:37'),
(7, 4, 2, 3, 80100, 2, 160200, '2024-08-27 04:50:09', '2024-08-27 04:50:09'),
(8, 4, 2, 5, 350000, 1, 350000, '2024-08-27 04:50:09', '2024-08-27 04:50:09'),
(9, 5, 2, 3, 80100, 2, 160200, '2024-08-27 04:51:54', '2024-08-27 04:51:54'),
(10, 5, 2, 5, 350000, 1, 350000, '2024-08-27 04:51:54', '2024-08-27 04:51:54');

-- --------------------------------------------------------

--
-- Table structure for table `password_resets`
--

CREATE TABLE `password_resets` (
  `email` varchar(255) COLLATE utf8mb4_unicode_ci NOT NULL,
  `token` varchar(255) COLLATE utf8mb4_unicode_ci NOT NULL,
  `created_at` timestamp NULL DEFAULT NULL
) ENGINE=InnoDB DEFAULT CHARSET=utf8mb4 COLLATE=utf8mb4_unicode_ci;

-- --------------------------------------------------------

--
-- Table structure for table `personal_access_tokens`
--

CREATE TABLE `personal_access_tokens` (
  `id` bigint UNSIGNED NOT NULL,
  `tokenable_type` varchar(255) COLLATE utf8mb4_unicode_ci NOT NULL,
  `tokenable_id` bigint UNSIGNED NOT NULL,
  `name` varchar(255) COLLATE utf8mb4_unicode_ci NOT NULL,
  `token` varchar(64) COLLATE utf8mb4_unicode_ci NOT NULL,
  `abilities` text COLLATE utf8mb4_unicode_ci,
  `last_used_at` timestamp NULL DEFAULT NULL,
  `expires_at` timestamp NULL DEFAULT NULL,
  `created_at` timestamp NULL DEFAULT NULL,
  `updated_at` timestamp NULL DEFAULT NULL
) ENGINE=InnoDB DEFAULT CHARSET=utf8mb4 COLLATE=utf8mb4_unicode_ci;

-- --------------------------------------------------------

--
-- Table structure for table `products`
--

CREATE TABLE `products` (
  `id` bigint UNSIGNED NOT NULL,
  `name` varchar(255) COLLATE utf8mb4_unicode_ci DEFAULT NULL,
  `category_id` int DEFAULT NULL,
  `subcategory_id` int DEFAULT NULL,
  `brand_id` int DEFAULT NULL,
  `short_des` varchar(255) COLLATE utf8mb4_unicode_ci DEFAULT NULL,
  `long_des` text COLLATE utf8mb4_unicode_ci,
  `specifications` text CHARACTER SET utf8mb4 COLLATE utf8mb4_unicode_ci,
  `image` varchar(255) COLLATE utf8mb4_unicode_ci DEFAULT NULL,
  `price` int DEFAULT NULL,
  `quantity` int DEFAULT NULL,
  `discount` int DEFAULT NULL,
  `featured` varchar(255) COLLATE utf8mb4_unicode_ci DEFAULT NULL,
  `status` tinyint(1) NOT NULL DEFAULT '1',
  `created_at` timestamp NULL DEFAULT NULL,
  `updated_at` timestamp NULL DEFAULT NULL
) ENGINE=InnoDB DEFAULT CHARSET=utf8mb4 COLLATE=utf8mb4_unicode_ci;

--
-- Dumping data for table `products`
--

INSERT INTO `products` (`id`, `name`, `category_id`, `subcategory_id`, `brand_id`, `short_des`, `long_des`, `specifications`, `image`, `price`, `quantity`, `discount`, `featured`, `status`, `created_at`, `updated_at`) VALUES
(3, 'Canon 1000d', 2, 4, 5, 'Canon 1000d', '<p>Canon EOS 1000D is a 10.1-megapixel digital single-lens reflex camera announced by Canon on 10 June 2008 and started shipping in mid August 2008. It is known as the EOS Kiss F in Japan and the EOS Rebel XS in the United States and Canada. The 1000D is an entry-level DSLR that has been described as being a step below the 450D.</p><p><br></p><p>The camera shares a few features with the 450D. It offers Live View shooting, DIGIC III Image Processor, and SDHC media storage. However, it has seven focus points (opposed to nine) and does not have spot light metering. The 1000D is also the second Canon EOS model (after the 450D) to exclusively use SD card and SDHC memory storage instead of CompactFlash.</p>', '<table class=\"infobox hproduct\" style=\"font-size: 14.08px; border-width: 1px; border-color: rgb(162, 169, 177); border-image: initial; border-spacing: 3px; background-color: rgb(248, 249, 250); color: black; margin: 0.5em 0px 0.5em 1em; padding: 0.2em; clear: right; line-height: 1.5em; width: 23em; font-family: sans-serif;\"><tbody><tr><th colspan=\"2\" class=\"infobox-header\" style=\"text-align: center; background-color: rgb(192, 192, 192);\">Overview</th></tr><tr><th scope=\"row\" class=\"infobox-label\">Type</th><td class=\"infobox-data\"><a href=\"https://en.wikipedia.org/wiki/Digital_single-lens_reflex_camera\" title=\"Digital single-lens reflex camera\" style=\"background-image: none; background-position: initial; background-size: initial; background-repeat: initial; background-attachment: initial; background-origin: initial; background-clip: initial; border-radius: 2px; overflow-wrap: break-word;\">Digital single-lens reflex camera</a></td></tr><tr><th colspan=\"2\" class=\"infobox-header\" style=\"text-align: center; background-color: rgb(192, 192, 192);\">Lens</th></tr><tr><th scope=\"row\" class=\"infobox-label\"><a href=\"https://en.wikipedia.org/wiki/Camera_lens\" title=\"Camera lens\" style=\"background-image: none; background-position: initial; background-size: initial; background-repeat: initial; background-attachment: initial; background-origin: initial; background-clip: initial; border-radius: 2px; overflow-wrap: break-word;\">Lens</a></th><td class=\"infobox-data\"><a href=\"https://en.wikipedia.org/wiki/Canon_EF_lens_mount\" title=\"Canon EF lens mount\" style=\"background-image: none; background-position: initial; background-size: initial; background-repeat: initial; background-attachment: initial; background-origin: initial; background-clip: initial; border-radius: 2px; overflow-wrap: break-word;\">Canon EF lens mount</a>,&nbsp;<a href=\"https://en.wikipedia.org/wiki/Canon_EF-S_lens_mount\" title=\"Canon EF-S lens mount\" style=\"background-image: none; background-position: initial; background-size: initial; background-repeat: initial; background-attachment: initial; background-origin: initial; background-clip: initial; border-radius: 2px; overflow-wrap: break-word;\">Canon EF-S lens mount</a></td></tr><tr><th colspan=\"2\" class=\"infobox-header\" style=\"text-align: center; background-color: rgb(192, 192, 192);\">Sensor/medium</th></tr><tr><th scope=\"row\" class=\"infobox-label\"><a href=\"https://en.wikipedia.org/wiki/Image_sensor\" title=\"Image sensor\" style=\"background-image: none; background-position: initial; background-size: initial; background-repeat: initial; background-attachment: initial; background-origin: initial; background-clip: initial; border-radius: 2px; overflow-wrap: break-word;\">Sensor</a></th><td class=\"infobox-data\"><a href=\"https://en.wikipedia.org/wiki/CMOS\" title=\"CMOS\" style=\"background-image: none; background-position: initial; background-size: initial; background-repeat: initial; background-attachment: initial; background-origin: initial; background-clip: initial; border-radius: 2px; overflow-wrap: break-word;\">CMOS</a>&nbsp;<a href=\"https://en.wikipedia.org/wiki/APS-C\" title=\"APS-C\" style=\"background-image: none; background-position: initial; background-size: initial; background-repeat: initial; background-attachment: initial; background-origin: initial; background-clip: initial; border-radius: 2px; overflow-wrap: break-word;\">APS-C</a>&nbsp;22.2&nbsp;mm × 14.8&nbsp;mm (1.6× conversion factor)</td></tr><tr><th scope=\"row\" class=\"infobox-label\">Maximum&nbsp;<a href=\"https://en.wikipedia.org/wiki/Image_resolution\" title=\"Image resolution\" style=\"background-image: none; background-position: initial; background-size: initial; background-repeat: initial; background-attachment: initial; background-origin: initial; background-clip: initial; border-radius: 2px; overflow-wrap: break-word;\">resolution</a></th><td class=\"infobox-data\">10.1 effective megapixels, 3,888 × 2,592</td></tr><tr><th scope=\"row\" class=\"infobox-label\"><a href=\"https://en.wikipedia.org/wiki/Film_speed\" title=\"Film speed\" style=\"background-image: none; background-position: initial; background-size: initial; background-repeat: initial; background-attachment: initial; background-origin: initial; background-clip: initial; border-radius: 2px; overflow-wrap: break-word;\">Film speed</a></th><td class=\"infobox-data\">ISO 100 to 1,600</td></tr><tr><th scope=\"row\" class=\"infobox-label\"><a href=\"https://en.wikipedia.org/wiki/Computer_storage\" class=\"mw-redirect\" title=\"Computer storage\" style=\"background-image: none; background-position: initial; background-size: initial; background-repeat: initial; background-attachment: initial; background-origin: initial; background-clip: initial; border-radius: 2px; overflow-wrap: break-word;\">Storage media</a></th><td class=\"infobox-data\"><a href=\"https://en.wikipedia.org/wiki/Secure_Digital_Card\" class=\"mw-redirect\" title=\"Secure Digital Card\" style=\"background-image: none; background-position: initial; background-size: initial; background-repeat: initial; background-attachment: initial; background-origin: initial; background-clip: initial; border-radius: 2px; overflow-wrap: break-word;\">Secure Digital Card</a><br><a href=\"https://en.wikipedia.org/wiki/Secure_Digital_Card#SDHC\" class=\"mw-redirect\" title=\"Secure Digital Card\" style=\"background-image: none; background-position: initial; background-size: initial; background-repeat: initial; background-attachment: initial; background-origin: initial; background-clip: initial; border-radius: 2px; overflow-wrap: break-word;\">Secure Digital High Capacity</a></td></tr><tr><th colspan=\"2\" class=\"infobox-header\" style=\"text-align: center; background-color: rgb(192, 192, 192);\">Focusing</th></tr><tr><th scope=\"row\" class=\"infobox-label\"><a href=\"https://en.wikipedia.org/wiki/Focus_(optics)\" title=\"Focus (optics)\" style=\"background-image: none; background-position: initial; background-size: initial; background-repeat: initial; background-attachment: initial; background-origin: initial; background-clip: initial; border-radius: 2px; overflow-wrap: break-word;\">Focus</a>&nbsp;modes</th><td class=\"infobox-data\">AI Focus, One-Shot, Predictive AI Servo, Live Mode in Live View; Quick Mode in Live View</td></tr><tr><th scope=\"row\" class=\"infobox-label\"><a href=\"https://en.wikipedia.org/wiki/Focus_(optics)\" title=\"Focus (optics)\" style=\"background-image: none; background-position: initial; background-size: initial; background-repeat: initial; background-attachment: initial; background-origin: initial; background-clip: initial; border-radius: 2px; overflow-wrap: break-word;\">Focus</a>&nbsp;areas</th><td class=\"infobox-data\">7 AF points</td></tr><tr><th colspan=\"2\" class=\"infobox-header\" style=\"text-align: center; background-color: rgb(192, 192, 192);\">Exposure/metering</th></tr><tr><th scope=\"row\" class=\"infobox-label\">Exposure modes</th><td class=\"infobox-data\">Full Auto, Portrait, Landscape, Close-up, Sports, Night Portrait, No Flash, Program AE, Shutter-priority, Aperture-priority, Manual, Auto Depth-of-field</td></tr><tr><th scope=\"row\" class=\"infobox-label\"><a href=\"https://en.wikipedia.org/wiki/Exposure_(photography)\" title=\"Exposure (photography)\" style=\"background-image: none; background-position: initial; background-size: initial; background-repeat: initial; background-attachment: initial; background-origin: initial; background-clip: initial; border-radius: 2px; overflow-wrap: break-word;\">Exposure</a>&nbsp;<a href=\"https://en.wikipedia.org/wiki/Light_metering\" class=\"mw-redirect\" title=\"Light metering\" style=\"background-image: none; background-position: initial; background-size: initial; background-repeat: initial; background-attachment: initial; background-origin: initial; background-clip: initial; border-radius: 2px; overflow-wrap: break-word;\">metering</a></th><td class=\"infobox-data\">Full aperture&nbsp;<a href=\"https://en.wikipedia.org/wiki/Through-the-lens\" class=\"mw-redirect\" title=\"Through-the-lens\" style=\"background-image: none; background-position: initial; background-size: initial; background-repeat: initial; background-attachment: initial; background-origin: initial; background-clip: initial; border-radius: 2px; overflow-wrap: break-word;\">TTL</a>, 35-zone SPC</td></tr><tr><th scope=\"row\" class=\"infobox-label\"><a href=\"https://en.wikipedia.org/wiki/Metering_mode\" title=\"Metering mode\" style=\"background-image: none; background-position: initial; background-size: initial; background-repeat: initial; background-attachment: initial; background-origin: initial; background-clip: initial; border-radius: 2px; overflow-wrap: break-word;\">Metering modes</a></th><td class=\"infobox-data\">Evaluative, Partial (approx. 10% at center of viewfinder), Center-weighted average</td></tr></tbody></table>', '2024-08-27-66cd9821039dd.png', 89000, 1200, 10, 'on', 1, '2024-08-27 03:10:57', '2024-08-27 03:10:57'),
(4, 'HP pavilion', 3, 5, 3, 'HP pavilion', '<p>Bring your designs to life or edit your projects on the go with the HP Pavilion 16-inch PC. The latest AMD Ryzen™ Processor[1] and HP Fast Charge[2] enable uninterrupted multitasking. Immerse yourself in the entertainment you love with the enhanced LCD display and share your ideas through the FHD camera. A PC that has got you covered.<br></p>', '<div data-test-hook=\"@hpstellar/pdp/tech-specs__detailedSpec\" class=\"DetailedSpecs-module_specWrapper__3Zu1w\" style=\"box-sizing: inherit; margin: 0px 0px 1.5rem; padding: 0px 0px 1rem; border-bottom-width: 1px; border-bottom-color: rgb(204, 204, 204); color: rgb(0, 0, 0); font-family: FormaDJRMicro, -apple-system, BlinkMacSystemFont, sans-serif; font-size: medium;\"><div class=\"Spec-module_spec__71K6S\" style=\"box-sizing: inherit; margin: 0px; padding: 0px; color: rgb(44, 48, 56); display: flex; flex-direction: row;\"><div class=\"Spec-module_innerLeft__Z13zG\" style=\"box-sizing: inherit; margin: 0px 0px 0.375rem; padding: 0px; align-items: normal; display: flex; height: auto; position: relative; flex-shrink: 0; width: 25rem;\"><p data-test-hook=\"@hpstellar/core/typography\" class=\"Typography-module_root__eQwd4 Typography-module_boldL__LZR-5 Typography-module_responsive__iddT7\" style=\"box-sizing: inherit; margin-right: 0px; margin-bottom: 0px; margin-left: 0px; padding: 0px; font-weight: 700; font-size: 1.125rem; line-height: 1.375rem;\">Operating system</p><div class=\"Tooltip-module_root__aZxUO Spec-module_tooltip__0IWNk\" data-test-hook=\"@hpstellar/core/tooltip\" style=\"box-sizing: inherit; margin: 0px; padding: 0px; position: relative; right: 0px; top: -0.5625rem;\"><button type=\"button\" aria-label=\"Open tooltip\" name=\"defaultTooltipButton\" tabindex=\"0\" data-test-hook=\"@hpstellar/core/tooltip__default-btn\" class=\"TriggerElement-module_defaultButton__QdvUI\" style=\"box-sizing: inherit; margin: 0.5rem; font-size: 16px; fill: rgb(255, 255, 255); background-image: none; height: 1.75rem; position: relative; width: 1.75rem;\"><svg xmlns=\"http://www.w3.org/2000/svg\" viewBox=\"0 0 20 20\" height=\"20\" width=\"20\" class=\"TriggerElement-module_questionMark__O6ZKd\" data-test-hook=\"@hpstellar/core/icon/Tooltip\" aria-hidden=\"true\"><g><path d=\"M10.35 15A1.28 1.28 0 0 1 9 13.74a1.25 1.25 0 0 1 1.33-1.24 1.25 1.25 0 0 1 1.34 1.24A1.28 1.28 0 0 1 10.35 15Zm1.05-3.49H9.3c0-1.94 2.17-2.37 2.17-3.58 0-.68-.6-1.11-1.5-1.11a2.37 2.37 0 0 0-2 1l-1.68-1A4.43 4.43 0 0 1 10.2 5c2.09 0 3.53.93 3.53 2.57 0 2.22-2.33 2.43-2.33 3.94Z\"></path></g></svg></button></div></div><div class=\"Spec-module_innerRight__4TTuE\" style=\"box-sizing: inherit; margin: 0px 0px 0px 1.75rem; padding: 0px; display: flex; flex-direction: column;\"><div class=\"Spec-module_valueWrapper__DTxWC\" style=\"box-sizing: inherit; margin: 0px; padding: 0px;\"><p data-test-hook=\"@hpstellar/core/typography\" class=\"Typography-module_root__eQwd4 Typography-module_bodyM__XNddq Spec-module_subheading__-fxqA Typography-module_responsive__iddT7 Typography-module_isCaps__nxSmf\" style=\"box-sizing: inherit; margin: 0.4375rem 0px 0px; padding: 0px; font-size: 1rem; line-height: 1.375rem; text-transform: uppercase;\"><span style=\"box-sizing: inherit; margin: 0px; padding: 0px;\">Included in Current Configuration</span></p><p data-test-hook=\"@hpstellar/core/typography\" class=\"Typography-module_root__eQwd4 Typography-module_bodyM__XNddq Spec-module_value__9FkNI Typography-module_responsive__iddT7\" style=\"box-sizing: inherit; margin-right: 0px; margin-bottom: 0px; margin-left: 0px; padding: 0px; font-size: 1rem; line-height: 1.375rem;\"><span style=\"box-sizing: inherit; margin: 0px; padding: 0px;\">Windows 11 Home</span></p></div><div class=\"Spec-module_valueWrapper__DTxWC\" style=\"box-sizing: inherit; margin: 1.25rem 0px 0px; padding: 0px;\"><p data-test-hook=\"@hpstellar/core/typography\" class=\"Typography-module_root__eQwd4 Typography-module_bodyM__XNddq Spec-module_subheading__-fxqA Typography-module_responsive__iddT7 Typography-module_isCaps__nxSmf\" style=\"box-sizing: inherit; margin-right: 0px; margin-bottom: 0px; margin-left: 0px; padding: 0px; font-size: 1rem; line-height: 1.375rem; text-transform: uppercase;\"><span style=\"box-sizing: inherit; margin: 0px; padding: 0px;\">Alternate Options</span></p><p data-test-hook=\"@hpstellar/core/typography\" class=\"Typography-module_root__eQwd4 Typography-module_bodyM__XNddq Spec-module_value__9FkNI Typography-module_responsive__iddT7\" style=\"box-sizing: inherit; margin-right: 0px; margin-bottom: 0px; margin-left: 0px; padding: 0px; font-size: 1rem; line-height: 1.375rem;\"><span style=\"box-sizing: inherit; margin: 0px; padding: 0px;\">Windows 11 Home<br style=\"box-sizing: inherit; margin: 0px; padding: 0px;\">Windows 11 Pro</span></p></div></div></div></div><div data-test-hook=\"@hpstellar/pdp/tech-specs__detailedSpec\" class=\"DetailedSpecs-module_specWrapper__3Zu1w\" style=\"box-sizing: inherit; margin: 0px 0px 1.5rem; padding: 0px 0px 1rem; border-bottom-width: 1px; border-bottom-color: rgb(204, 204, 204); color: rgb(0, 0, 0); font-family: FormaDJRMicro, -apple-system, BlinkMacSystemFont, sans-serif; font-size: medium;\"><div class=\"Spec-module_spec__71K6S\" style=\"box-sizing: inherit; margin: 0px; padding: 0px; color: rgb(44, 48, 56); display: flex; flex-direction: row;\"><div class=\"Spec-module_innerLeft__Z13zG\" style=\"box-sizing: inherit; margin: 0px 0px 0.375rem; padding: 0px; align-items: normal; display: flex; height: auto; position: relative; flex-shrink: 0; width: 25rem;\"><p data-test-hook=\"@hpstellar/core/typography\" class=\"Typography-module_root__eQwd4 Typography-module_boldL__LZR-5 Typography-module_responsive__iddT7\" style=\"box-sizing: inherit; margin-right: 0px; margin-bottom: 0px; margin-left: 0px; padding: 0px; font-weight: 700; font-size: 1.125rem; line-height: 1.375rem;\">Processor, graphics &amp; memory</p></div><div class=\"Spec-module_innerRight__4TTuE\" style=\"box-sizing: inherit; margin: 0px 0px 0px 1.75rem; padding: 0px; display: flex; flex-direction: column;\"><div class=\"Spec-module_valueWrapper__DTxWC\" style=\"box-sizing: inherit; margin: 0px; padding: 0px;\"><p data-test-hook=\"@hpstellar/core/typography\" class=\"Typography-module_root__eQwd4 Typography-module_bodyM__XNddq Spec-module_subheading__-fxqA Typography-module_responsive__iddT7 Typography-module_isCaps__nxSmf\" style=\"box-sizing: inherit; margin: 0.4375rem 0px 0px; padding: 0px; font-size: 1rem; line-height: 1.375rem; text-transform: uppercase;\"><span style=\"box-sizing: inherit; margin: 0px; padding: 0px;\">Included in Current Configuration</span></p><p data-test-hook=\"@hpstellar/core/typography\" class=\"Typography-module_root__eQwd4 Typography-module_bodyM__XNddq Spec-module_value__9FkNI Typography-module_responsive__iddT7\" style=\"box-sizing: inherit; margin-right: 0px; margin-bottom: 0px; margin-left: 0px; padding: 0px; font-size: 1rem; line-height: 1.375rem;\"><span style=\"box-sizing: inherit; margin: 0px; padding: 0px;\">AMD Ryzen™ 5 8540U (up to 4.9 GHz, 16 MB L3 cache, 6 cores, 12 threads) + AMD Radeon™ Graphics + 8 GB(Onboard)</span></p></div><div class=\"Spec-module_valueWrapper__DTxWC\" style=\"box-sizing: inherit; margin: 1.25rem 0px 0px; padding: 0px;\"><p data-test-hook=\"@hpstellar/core/typography\" class=\"Typography-module_root__eQwd4 Typography-module_bodyM__XNddq Spec-module_subheading__-fxqA Typography-module_responsive__iddT7 Typography-module_isCaps__nxSmf\" style=\"box-sizing: inherit; margin-right: 0px; margin-bottom: 0px; margin-left: 0px; padding: 0px; font-size: 1rem; line-height: 1.375rem; text-transform: uppercase;\"><span style=\"box-sizing: inherit; margin: 0px; padding: 0px;\">Alternate Options</span></p><p data-test-hook=\"@hpstellar/core/typography\" class=\"Typography-module_root__eQwd4 Typography-module_bodyM__XNddq Spec-module_value__9FkNI Typography-module_responsive__iddT7\" style=\"box-sizing: inherit; margin-right: 0px; margin-bottom: 0px; margin-left: 0px; padding: 0px; font-size: 1rem; line-height: 1.375rem;\"><span style=\"box-sizing: inherit; margin: 0px; padding: 0px;\">AMD Ryzen™ 5 8540U (up to 4.9 GHz, 16 MB L3 cache, 6 cores, 12 threads) + AMD Radeon™ Graphics + 16 GB(Onboard)<br style=\"box-sizing: inherit; margin: 0px; padding: 0px;\">AMD Ryzen™ 7 8840U (up to 5.1 GHz, 16 MB L3 cache, 8 cores, 16 threads) + AMD Radeon™ Graphics + 8 GB(Onboard)<br style=\"box-sizing: inherit; margin: 0px; padding: 0px;\">AMD Ryzen™ 7 8840U (up to 5.1 GHz, 16 MB L3 cache, 8 cores, 16 threads) + AMD Radeon™ Graphics + 16 GB(Onboard)</span></p></div></div></div></div><div data-test-hook=\"@hpstellar/pdp/tech-specs__detailedSpec\" class=\"DetailedSpecs-module_specWrapper__3Zu1w\" style=\"box-sizing: inherit; margin: 0px 0px 1.5rem; padding: 0px 0px 1rem; border-bottom-width: 1px; border-bottom-color: rgb(204, 204, 204); color: rgb(0, 0, 0); font-family: FormaDJRMicro, -apple-system, BlinkMacSystemFont, sans-serif; font-size: medium;\"><div class=\"Spec-module_spec__71K6S\" style=\"box-sizing: inherit; margin: 0px; padding: 0px; color: rgb(44, 48, 56); display: flex; flex-direction: row;\"><div class=\"Spec-module_innerLeft__Z13zG\" style=\"box-sizing: inherit; margin: 0px 0px 0.375rem; padding: 0px; align-items: normal; display: flex; height: auto; position: relative; flex-shrink: 0; width: 25rem;\"><p data-test-hook=\"@hpstellar/core/typography\" class=\"Typography-module_root__eQwd4 Typography-module_boldL__LZR-5 Typography-module_responsive__iddT7\" style=\"box-sizing: inherit; margin-right: 0px; margin-bottom: 0px; margin-left: 0px; padding: 0px; font-weight: 700; font-size: 1.125rem; line-height: 1.375rem;\">Chipset</p></div><div class=\"Spec-module_innerRight__4TTuE\" style=\"box-sizing: inherit; margin: 0px 0px 0px 1.75rem; padding: 0px; display: flex; flex-direction: column;\"><div class=\"Spec-module_valueWrapper__DTxWC\" style=\"box-sizing: inherit; margin: 0px; padding: 0px;\"><p data-test-hook=\"@hpstellar/core/typography\" class=\"Typography-module_root__eQwd4 Typography-module_bodyM__XNddq Spec-module_subheading__-fxqA Typography-module_responsive__iddT7 Typography-module_isCaps__nxSmf\" style=\"box-sizing: inherit; margin: 0.4375rem 0px 0px; padding: 0px; font-size: 1rem; line-height: 1.375rem; text-transform: uppercase;\"><span style=\"box-sizing: inherit; margin: 0px; padding: 0px;\"></span></p><p data-test-hook=\"@hpstellar/core/typography\" class=\"Typography-module_root__eQwd4 Typography-module_bodyM__XNddq Spec-module_value__9FkNI Typography-module_responsive__iddT7\" style=\"box-sizing: inherit; margin-right: 0px; margin-bottom: 0px; margin-left: 0px; padding: 0px; font-size: 1rem; line-height: 1.375rem;\"><span style=\"box-sizing: inherit; margin: 0px; padding: 0px;\">AMD integrated SoC</span></p></div></div></div></div><div data-test-hook=\"@hpstellar/pdp/tech-specs__detailedSpec\" class=\"DetailedSpecs-module_specWrapper__3Zu1w\" style=\"box-sizing: inherit; margin: 0px 0px 1.5rem; padding: 0px 0px 1rem; border-bottom-width: 1px; border-bottom-color: rgb(204, 204, 204); color: rgb(0, 0, 0); font-family: FormaDJRMicro, -apple-system, BlinkMacSystemFont, sans-serif; font-size: medium;\"><div class=\"Spec-module_spec__71K6S\" style=\"box-sizing: inherit; margin: 0px; padding: 0px; color: rgb(44, 48, 56); display: flex; flex-direction: row;\"><div class=\"Spec-module_innerLeft__Z13zG\" style=\"box-sizing: inherit; margin: 0px 0px 0.375rem; padding: 0px; align-items: normal; display: flex; height: auto; position: relative; flex-shrink: 0; width: 25rem;\"><p data-test-hook=\"@hpstellar/core/typography\" class=\"Typography-module_root__eQwd4 Typography-module_boldL__LZR-5 Typography-module_responsive__iddT7\" style=\"box-sizing: inherit; margin-right: 0px; margin-bottom: 0px; margin-left: 0px; padding: 0px; font-weight: 700; font-size: 1.125rem; line-height: 1.375rem;\">Storage</p></div><div class=\"Spec-module_innerRight__4TTuE\" style=\"box-sizing: inherit; margin: 0px 0px 0px 1.75rem; padding: 0px; display: flex; flex-direction: column;\"><div class=\"Spec-module_valueWrapper__DTxWC\" style=\"box-sizing: inherit; margin: 0px; padding: 0px;\"><p data-test-hook=\"@hpstellar/core/typography\" class=\"Typography-module_root__eQwd4 Typography-module_bodyM__XNddq Spec-module_subheading__-fxqA Typography-module_responsive__iddT7 Typography-module_isCaps__nxSmf\" style=\"box-sizing: inherit; margin: 0.4375rem 0px 0px; padding: 0px; font-size: 1rem; line-height: 1.375rem; text-transform: uppercase;\"><span style=\"box-sizing: inherit; margin: 0px; padding: 0px;\">Included in Current Configuration</span></p><p data-test-hook=\"@hpstellar/core/typography\" class=\"Typography-module_root__eQwd4 Typography-module_bodyM__XNddq Spec-module_value__9FkNI Typography-module_responsive__iddT7\" style=\"box-sizing: inherit; margin-right: 0px; margin-bottom: 0px; margin-left: 0px; padding: 0px; font-size: 1rem; line-height: 1.375rem;\"><span style=\"box-sizing: inherit; margin: 0px; padding: 0px;\">512 GB PCIe® NVMe™ M.2 SSD</span></p></div><div class=\"Spec-module_valueWrapper__DTxWC\" style=\"box-sizing: inherit; margin: 1.25rem 0px 0px; padding: 0px;\"><p data-test-hook=\"@hpstellar/core/typography\" class=\"Typography-module_root__eQwd4 Typography-module_bodyM__XNddq Spec-module_subheading__-fxqA Typography-module_responsive__iddT7 Typography-module_isCaps__nxSmf\" style=\"box-sizing: inherit; margin-right: 0px; margin-bottom: 0px; margin-left: 0px; padding: 0px; font-size: 1rem; line-height: 1.375rem; text-transform: uppercase;\"><span style=\"box-sizing: inherit; margin: 0px; padding: 0px;\">Alternate Options</span></p><p data-test-hook=\"@hpstellar/core/typography\" class=\"Typography-module_root__eQwd4 Typography-module_bodyM__XNddq Spec-module_value__9FkNI Typography-module_responsive__iddT7\" style=\"box-sizing: inherit; margin-right: 0px; margin-bottom: 0px; margin-left: 0px; padding: 0px; font-size: 1rem; line-height: 1.375rem;\"><span style=\"box-sizing: inherit; margin: 0px; padding: 0px;\">1 TB PCIe® NVMe™ M.2 SSD</span></p></div></div></div></div><div data-test-hook=\"@hpstellar/pdp/tech-specs__detailedSpec\" class=\"DetailedSpecs-module_specWrapper__3Zu1w\" style=\"box-sizing: inherit; margin: 0px 0px 1.5rem; padding: 0px 0px 1rem; border-bottom-width: 1px; border-bottom-color: rgb(204, 204, 204); color: rgb(0, 0, 0); font-family: FormaDJRMicro, -apple-system, BlinkMacSystemFont, sans-serif; font-size: medium;\"><div class=\"Spec-module_spec__71K6S\" style=\"box-sizing: inherit; margin: 0px; padding: 0px; color: rgb(44, 48, 56); display: flex; flex-direction: row;\"><div class=\"Spec-module_innerLeft__Z13zG\" style=\"box-sizing: inherit; margin: 0px 0px 0.375rem; padding: 0px; align-items: normal; display: flex; height: auto; position: relative; flex-shrink: 0; width: 25rem;\"><p data-test-hook=\"@hpstellar/core/typography\" class=\"Typography-module_root__eQwd4 Typography-module_boldL__LZR-5 Typography-module_responsive__iddT7\" style=\"box-sizing: inherit; margin-right: 0px; margin-bottom: 0px; margin-left: 0px; padding: 0px; font-weight: 700; font-size: 1.125rem; line-height: 1.375rem;\">External optical drive</p></div><div class=\"Spec-module_innerRight__4TTuE\" style=\"box-sizing: inherit; margin: 0px 0px 0px 1.75rem; padding: 0px; display: flex; flex-direction: column;\"><div class=\"Spec-module_valueWrapper__DTxWC\" style=\"box-sizing: inherit; margin: 0px; padding: 0px;\"><p data-test-hook=\"@hpstellar/core/typography\" class=\"Typography-module_root__eQwd4 Typography-module_bodyM__XNddq Spec-module_subheading__-fxqA Typography-module_responsive__iddT7 Typography-module_isCaps__nxSmf\" style=\"box-sizing: inherit; margin: 0.4375rem 0px 0px; padding: 0px; font-size: 1rem; line-height: 1.375rem; text-transform: uppercase;\"><span style=\"box-sizing: inherit; margin: 0px; padding: 0px;\">Alternate Options</span></p><p data-test-hook=\"@hpstellar/core/typography\" class=\"Typography-module_root__eQwd4 Typography-module_bodyM__XNddq Spec-module_value__9FkNI Typography-module_responsive__iddT7\" style=\"box-sizing: inherit; margin-right: 0px; margin-bottom: 0px; margin-left: 0px; padding: 0px; font-size: 1rem; line-height: 1.375rem;\"><span style=\"box-sizing: inherit; margin: 0px; padding: 0px;\">External DVD burner</span></p></div></div></div></div><div data-test-hook=\"@hpstellar/pdp/tech-specs__detailedSpec\" class=\"DetailedSpecs-module_specWrapper__3Zu1w\" style=\"box-sizing: inherit; margin: 0px 0px 1.5rem; padding: 0px 0px 1rem; border-bottom-width: 1px; border-bottom-color: rgb(204, 204, 204); color: rgb(0, 0, 0); font-family: FormaDJRMicro, -apple-system, BlinkMacSystemFont, sans-serif; font-size: medium;\"><div class=\"Spec-module_spec__71K6S\" style=\"box-sizing: inherit; margin: 0px; padding: 0px; color: rgb(44, 48, 56); display: flex; flex-direction: row;\"><div class=\"Spec-module_innerLeft__Z13zG\" style=\"box-sizing: inherit; margin: 0px 0px 0.375rem; padding: 0px; align-items: normal; display: flex; height: auto; position: relative; flex-shrink: 0; width: 25rem;\"><p data-test-hook=\"@hpstellar/core/typography\" class=\"Typography-module_root__eQwd4 Typography-module_boldL__LZR-5 Typography-module_responsive__iddT7\" style=\"box-sizing: inherit; margin-right: 0px; margin-bottom: 0px; margin-left: 0px; padding: 0px; font-weight: 700; font-size: 1.125rem; line-height: 1.375rem;\">Display</p></div><div class=\"Spec-module_innerRight__4TTuE\" style=\"box-sizing: inherit; margin: 0px 0px 0px 1.75rem; padding: 0px; display: flex; flex-direction: column;\"><div class=\"Spec-module_valueWrapper__DTxWC\" style=\"box-sizing: inherit; margin: 0px; padding: 0px;\"><p data-test-hook=\"@hpstellar/core/typography\" class=\"Typography-module_root__eQwd4 Typography-module_bodyM__XNddq Spec-module_subheading__-fxqA Typography-module_responsive__iddT7 Typography-module_isCaps__nxSmf\" style=\"box-sizing: inherit; margin: 0.4375rem 0px 0px; padding: 0px; font-size: 1rem; line-height: 1.375rem; text-transform: uppercase;\"><span style=\"box-sizing: inherit; margin: 0px; padding: 0px;\">Included in Current Configuration</span></p><p data-test-hook=\"@hpstellar/core/typography\" class=\"Typography-module_root__eQwd4 Typography-module_bodyM__XNddq Spec-module_value__9FkNI Typography-module_responsive__iddT7\" style=\"box-sizing: inherit; margin-right: 0px; margin-bottom: 0px; margin-left: 0px; padding: 0px; font-size: 1rem; line-height: 1.375rem;\"><span style=\"box-sizing: inherit; margin: 0px; padding: 0px;\">16\" diagonal, WUXGA (1920 x 1200), IPS, micro-edge, anti-glare, 300 nits</span></p></div><div class=\"Spec-module_valueWrapper__DTxWC\" style=\"box-sizing: inherit; margin: 1.25rem 0px 0px; padding: 0px;\"><p data-test-hook=\"@hpstellar/core/typography\" class=\"Typography-module_root__eQwd4 Typography-module_bodyM__XNddq Spec-module_subheading__-fxqA Typography-module_responsive__iddT7 Typography-module_isCaps__nxSmf\" style=\"box-sizing: inherit; margin-right: 0px; margin-bottom: 0px; margin-left: 0px; padding: 0px; font-size: 1rem; line-height: 1.375rem; text-transform: uppercase;\"><span style=\"box-sizing: inherit; margin: 0px; padding: 0px;\">Alternate Options</span></p><p data-test-hook=\"@hpstellar/core/typography\" class=\"Typography-module_root__eQwd4 Typography-module_bodyM__XNddq Spec-module_value__9FkNI Typography-module_responsive__iddT7\" style=\"box-sizing: inherit; margin-right: 0px; margin-bottom: 0px; margin-left: 0px; padding: 0px; font-size: 1rem; line-height: 1.375rem;\"><span style=\"box-sizing: inherit; margin: 0px; padding: 0px;\">16\" diagonal, WUXGA (1920 x 1200), touch, IPS, micro-edge, anti-glare, 300 nits</span></p></div></div></div></div><div data-test-hook=\"@hpstellar/pdp/tech-specs__detailedSpec\" class=\"DetailedSpecs-module_specWrapper__3Zu1w\" style=\"box-sizing: inherit; margin: 0px 0px 1.5rem; padding: 0px 0px 1rem; border-bottom-width: 1px; border-bottom-color: rgb(204, 204, 204); color: rgb(0, 0, 0); font-family: FormaDJRMicro, -apple-system, BlinkMacSystemFont, sans-serif; font-size: medium;\"><div class=\"Spec-module_spec__71K6S\" style=\"box-sizing: inherit; margin: 0px; padding: 0px; color: rgb(44, 48, 56); display: flex; flex-direction: row;\"><div class=\"Spec-module_innerLeft__Z13zG\" style=\"box-sizing: inherit; margin: 0px 0px 0.375rem; padding: 0px; align-items: normal; display: flex; height: auto; position: relative; flex-shrink: 0; width: 25rem;\"><p data-test-hook=\"@hpstellar/core/typography\" class=\"Typography-module_root__eQwd4 Typography-module_boldL__LZR-5 Typography-module_responsive__iddT7\" style=\"box-sizing: inherit; margin-right: 0px; margin-bottom: 0px; margin-left: 0px; padding: 0px; font-weight: 700; font-size: 1.125rem; line-height: 1.375rem;\">Screen-To-Body Ratio</p></div><div class=\"Spec-module_innerRight__4TTuE\" style=\"box-sizing: inherit; margin: 0px 0px 0px 1.75rem; padding: 0px; display: flex; flex-direction: column;\"><div class=\"Spec-module_valueWrapper__DTxWC\" style=\"box-sizing: inherit; margin: 0px; padding: 0px;\"><p data-test-hook=\"@hpstellar/core/typography\" class=\"Typography-module_root__eQwd4 Typography-module_bodyM__XNddq Spec-module_subheading__-fxqA Typography-module_responsive__iddT7 Typography-module_isCaps__nxSmf\" style=\"box-sizing: inherit; margin: 0.4375rem 0px 0px; padding: 0px; font-size: 1rem; line-height: 1.375rem; text-transform: uppercase;\"><span style=\"box-sizing: inherit; margin: 0px; padding: 0px;\"></span></p><p data-test-hook=\"@hpstellar/core/typography\" class=\"Typography-module_root__eQwd4 Typography-module_bodyM__XNddq Spec-module_value__9FkNI Typography-module_responsive__iddT7\" style=\"box-sizing: inherit; margin-right: 0px; margin-bottom: 0px; margin-left: 0px; padding: 0px; font-size: 1rem; line-height: 1.375rem;\"><span style=\"box-sizing: inherit; margin: 0px; padding: 0px;\">88.90%</span></p></div></div></div></div><div data-test-hook=\"@hpstellar/pdp/tech-specs__detailedSpec\" class=\"DetailedSpecs-module_specWrapper__3Zu1w\" style=\"box-sizing: inherit; margin: 0px 0px 1.5rem; padding: 0px 0px 1rem; border-bottom-width: 1px; border-bottom-color: rgb(204, 204, 204); color: rgb(0, 0, 0); font-family: FormaDJRMicro, -apple-system, BlinkMacSystemFont, sans-serif; font-size: medium;\"><div class=\"Spec-module_spec__71K6S\" style=\"box-sizing: inherit; margin: 0px; padding: 0px; color: rgb(44, 48, 56); display: flex; flex-direction: row;\"><div class=\"Spec-module_innerLeft__Z13zG\" style=\"box-sizing: inherit; margin: 0px 0px 0.375rem; padding: 0px; align-items: normal; display: flex; height: auto; position: relative; flex-shrink: 0; width: 25rem;\"><p data-test-hook=\"@hpstellar/core/typography\" class=\"Typography-module_root__eQwd4 Typography-module_boldL__LZR-5 Typography-module_responsive__iddT7\" style=\"box-sizing: inherit; margin-right: 0px; margin-bottom: 0px; margin-left: 0px; padding: 0px; font-weight: 700; font-size: 1.125rem; line-height: 1.375rem;\">Webcam</p></div><div class=\"Spec-module_innerRight__4TTuE\" style=\"box-sizing: inherit; margin: 0px 0px 0px 1.75rem; padding: 0px; display: flex; flex-direction: column;\"><div class=\"Spec-module_valueWrapper__DTxWC\" style=\"box-sizing: inherit; margin: 0px; padding: 0px;\"><p data-test-hook=\"@hpstellar/core/typography\" class=\"Typography-module_root__eQwd4 Typography-module_bodyM__XNddq Spec-module_subheading__-fxqA Typography-module_responsive__iddT7 Typography-module_isCaps__nxSmf\" style=\"box-sizing: inherit; margin: 0.4375rem 0px 0px; padding: 0px; font-size: 1rem; line-height: 1.375rem; text-transform: uppercase;\"><span style=\"box-sizing: inherit; margin: 0px; padding: 0px;\"></span></p><p data-test-hook=\"@hpstellar/core/typography\" class=\"Typography-module_root__eQwd4 Typography-module_bodyM__XNddq Spec-module_value__9FkNI Typography-module_responsive__iddT7\" style=\"box-sizing: inherit; margin-right: 0px; margin-bottom: 0px; margin-left: 0px; padding: 0px; font-size: 1rem; line-height: 1.375rem;\"><span style=\"box-sizing: inherit; margin: 0px; padding: 0px;\">HP True Vision 1080p FHD camera&nbsp;with temporal noise reduction and integrated dual array digital microphones</span></p></div></div></div></div><div data-test-hook=\"@hpstellar/pdp/tech-specs__detailedSpec\" class=\"DetailedSpecs-module_specWrapper__3Zu1w\" style=\"box-sizing: inherit; margin: 0px 0px 1.5rem; padding: 0px 0px 1rem; border-bottom-width: 1px; border-bottom-color: rgb(204, 204, 204); color: rgb(0, 0, 0); font-family: FormaDJRMicro, -apple-system, BlinkMacSystemFont, sans-serif; font-size: medium;\"><div class=\"Spec-module_spec__71K6S\" style=\"box-sizing: inherit; margin: 0px; padding: 0px; color: rgb(44, 48, 56); display: flex; flex-direction: row;\"><div class=\"Spec-module_innerLeft__Z13zG\" style=\"box-sizing: inherit; margin: 0px 0px 0.375rem; padding: 0px; align-items: normal; display: flex; height: auto; position: relative; flex-shrink: 0; width: 25rem;\"><p data-test-hook=\"@hpstellar/core/typography\" class=\"Typography-module_root__eQwd4 Typography-module_boldL__LZR-5 Typography-module_responsive__iddT7\" style=\"box-sizing: inherit; margin-right: 0px; margin-bottom: 0px; margin-left: 0px; padding: 0px; font-weight: 700; font-size: 1.125rem; line-height: 1.375rem;\">Audio Features</p></div><div class=\"Spec-module_innerRight__4TTuE\" style=\"box-sizing: inherit; margin: 0px 0px 0px 1.75rem; padding: 0px; display: flex; flex-direction: column;\"><div class=\"Spec-module_valueWrapper__DTxWC\" style=\"box-sizing: inherit; margin: 0px; padding: 0px;\"><p data-test-hook=\"@hpstellar/core/typography\" class=\"Typography-module_root__eQwd4 Typography-module_bodyM__XNddq Spec-module_subheading__-fxqA Typography-module_responsive__iddT7 Typography-module_isCaps__nxSmf\" style=\"box-sizing: inherit; margin: 0.4375rem 0px 0px; padding: 0px; font-size: 1rem; line-height: 1.375rem; text-transform: uppercase;\"><span style=\"box-sizing: inherit; margin: 0px; padding: 0px;\"></span></p><p data-test-hook=\"@hpstellar/core/typography\" class=\"Typography-module_root__eQwd4 Typography-module_bodyM__XNddq Spec-module_value__9FkNI Typography-module_responsive__iddT7\" style=\"box-sizing: inherit; margin-right: 0px; margin-bottom: 0px; margin-left: 0px; padding: 0px; font-size: 1rem; line-height: 1.375rem;\"><span style=\"box-sizing: inherit; margin: 0px; padding: 0px;\">DTS:X® Ultra; Dual speakers; HP Audio Boost</span></p></div></div></div></div><div data-test-hook=\"@hpstellar/pdp/tech-specs__detailedSpec\" class=\"DetailedSpecs-module_specWrapper__3Zu1w\" style=\"box-sizing: inherit; margin: 0px 0px 1.5rem; padding: 0px 0px 1rem; border-bottom-width: 1px; border-bottom-color: rgb(204, 204, 204); color: rgb(0, 0, 0); font-family: FormaDJRMicro, -apple-system, BlinkMacSystemFont, sans-serif; font-size: medium;\"><div class=\"Spec-module_spec__71K6S\" style=\"box-sizing: inherit; margin: 0px; padding: 0px; color: rgb(44, 48, 56); display: flex; flex-direction: row;\"><div class=\"Spec-module_innerLeft__Z13zG\" style=\"box-sizing: inherit; margin: 0px 0px 0.375rem; padding: 0px; align-items: normal; display: flex; height: auto; position: relative; flex-shrink: 0; width: 25rem;\"><p data-test-hook=\"@hpstellar/core/typography\" class=\"Typography-module_root__eQwd4 Typography-module_boldL__LZR-5 Typography-module_responsive__iddT7\" style=\"box-sizing: inherit; margin-right: 0px; margin-bottom: 0px; margin-left: 0px; padding: 0px; font-weight: 700; font-size: 1.125rem; line-height: 1.375rem;\">Color</p></div><div class=\"Spec-module_innerRight__4TTuE\" style=\"box-sizing: inherit; margin: 0px 0px 0px 1.75rem; padding: 0px; display: flex; flex-direction: column;\"><div class=\"Spec-module_valueWrapper__DTxWC\" style=\"box-sizing: inherit; margin: 0px; padding: 0px;\"><p data-test-hook=\"@hpstellar/core/typography\" class=\"Typography-module_root__eQwd4 Typography-module_bodyM__XNddq Spec-module_subheading__-fxqA Typography-module_responsive__iddT7 Typography-module_isCaps__nxSmf\" style=\"box-sizing: inherit; margin: 0.4375rem 0px 0px; padding: 0px; font-size: 1rem; line-height: 1.375rem; text-transform: uppercase;\"><span style=\"box-sizing: inherit; margin: 0px; padding: 0px;\">Included in Current Configuration</span></p><p data-test-hook=\"@hpstellar/core/typography\" class=\"Typography-module_root__eQwd4 Typography-module_bodyM__XNddq Spec-module_value__9FkNI Typography-module_responsive__iddT7\" style=\"box-sizing: inherit; margin-right: 0px; margin-bottom: 0px; margin-left: 0px; padding: 0px; font-size: 1rem; line-height: 1.375rem;\"><span style=\"box-sizing: inherit; margin: 0px; padding: 0px;\">Natural Silver</span></p></div><div class=\"Spec-module_valueWrapper__DTxWC\" style=\"box-sizing: inherit; margin: 1.25rem 0px 0px; padding: 0px;\"><p data-test-hook=\"@hpstellar/core/typography\" class=\"Typography-module_root__eQwd4 Typography-module_bodyM__XNddq Spec-module_subheading__-fxqA Typography-module_responsive__iddT7 Typography-module_isCaps__nxSmf\" style=\"box-sizing: inherit; margin-right: 0px; margin-bottom: 0px; margin-left: 0px; padding: 0px; font-size: 1rem; line-height: 1.375rem; text-transform: uppercase;\"><span style=\"box-sizing: inherit; margin: 0px; padding: 0px;\">Alternate Options</span></p><p data-test-hook=\"@hpstellar/core/typography\" class=\"Typography-module_root__eQwd4 Typography-module_bodyM__XNddq Spec-module_value__9FkNI Typography-module_responsive__iddT7\" style=\"box-sizing: inherit; margin-right: 0px; margin-bottom: 0px; margin-left: 0px; padding: 0px; font-size: 1rem; line-height: 1.375rem;\"><span style=\"box-sizing: inherit; margin: 0px; padding: 0px;\">Meteor Silver<br style=\"box-sizing: inherit; margin: 0px; padding: 0px;\">Sky Blue</span></p></div></div></div></div>', '2024-08-27-66cd9b191d62b.png', 55000, 156000, NULL, NULL, 1, '2024-08-27 03:23:37', '2024-08-27 03:23:37');
INSERT INTO `products` (`id`, `name`, `category_id`, `subcategory_id`, `brand_id`, `short_des`, `long_des`, `specifications`, `image`, `price`, `quantity`, `discount`, `featured`, `status`, `created_at`, `updated_at`) VALUES
(5, 'High Performance Desktop', 3, 6, 3, 'High Performance Desktop', '<p>Step it up with the HP Pavilion Plus 16\" Laptop PC, with a powerful Intel® Core™ Processor[1], mesmerizing screen enhancements, and seamless collaboration tools that give you the edge to surpass all expectations. Login fast via the 5MP camera with Windows Hello[2], while specialty video controls keep you looking good and connected with everyone.<br></p>', '<div data-test-hook=\"@hpstellar/pdp/tech-specs__detailedSpec\" class=\"DetailedSpecs-module_specWrapper__3Zu1w\" style=\"box-sizing: inherit; margin: 0px 0px 1.5rem; padding: 0px 0px 1rem; border-bottom-width: 1px; border-bottom-color: rgb(204, 204, 204); color: rgb(0, 0, 0); font-family: FormaDJRMicro, -apple-system, BlinkMacSystemFont, sans-serif; font-size: medium;\"><div class=\"Spec-module_spec__71K6S\" style=\"box-sizing: inherit; margin: 0px; padding: 0px; color: rgb(44, 48, 56); display: flex; flex-direction: row;\"><div class=\"Spec-module_innerLeft__Z13zG\" style=\"box-sizing: inherit; margin: 0px 0px 0.375rem; padding: 0px; align-items: normal; display: flex; height: auto; position: relative; flex-shrink: 0; width: 25rem;\"><p data-test-hook=\"@hpstellar/core/typography\" class=\"Typography-module_root__eQwd4 Typography-module_boldL__LZR-5 Typography-module_responsive__iddT7\" style=\"box-sizing: inherit; margin-right: 0px; margin-bottom: 0px; margin-left: 0px; padding: 0px; font-weight: 700; font-size: 1.125rem; line-height: 1.375rem;\">Operating system</p><div class=\"Tooltip-module_root__aZxUO Spec-module_tooltip__0IWNk\" data-test-hook=\"@hpstellar/core/tooltip\" style=\"box-sizing: inherit; margin: 0px; padding: 0px; position: relative; right: 0px; top: -0.5625rem;\"><button type=\"button\" aria-label=\"Open tooltip\" name=\"defaultTooltipButton\" tabindex=\"0\" data-test-hook=\"@hpstellar/core/tooltip__default-btn\" class=\"TriggerElement-module_defaultButton__QdvUI\" style=\"box-sizing: inherit; margin: 0.5rem; font-size: 16px; fill: rgb(255, 255, 255); background-image: none; height: 1.75rem; position: relative; width: 1.75rem;\"><svg xmlns=\"http://www.w3.org/2000/svg\" viewBox=\"0 0 20 20\" height=\"20\" width=\"20\" class=\"TriggerElement-module_questionMark__O6ZKd\" data-test-hook=\"@hpstellar/core/icon/Tooltip\" aria-hidden=\"true\"><g><path d=\"M10.35 15A1.28 1.28 0 0 1 9 13.74a1.25 1.25 0 0 1 1.33-1.24 1.25 1.25 0 0 1 1.34 1.24A1.28 1.28 0 0 1 10.35 15Zm1.05-3.49H9.3c0-1.94 2.17-2.37 2.17-3.58 0-.68-.6-1.11-1.5-1.11a2.37 2.37 0 0 0-2 1l-1.68-1A4.43 4.43 0 0 1 10.2 5c2.09 0 3.53.93 3.53 2.57 0 2.22-2.33 2.43-2.33 3.94Z\"></path></g></svg></button></div></div><div class=\"Spec-module_innerRight__4TTuE\" style=\"box-sizing: inherit; margin: 0px 0px 0px 1.75rem; padding: 0px; display: flex; flex-direction: column;\"><div class=\"Spec-module_valueWrapper__DTxWC\" style=\"box-sizing: inherit; margin: 0px; padding: 0px;\"><p data-test-hook=\"@hpstellar/core/typography\" class=\"Typography-module_root__eQwd4 Typography-module_bodyM__XNddq Spec-module_subheading__-fxqA Typography-module_responsive__iddT7 Typography-module_isCaps__nxSmf\" style=\"box-sizing: inherit; margin: 0.4375rem 0px 0px; padding: 0px; font-size: 1rem; line-height: 1.375rem; text-transform: uppercase;\"><span style=\"box-sizing: inherit; margin: 0px; padding: 0px;\">Included in Current Configuration</span></p><p data-test-hook=\"@hpstellar/core/typography\" class=\"Typography-module_root__eQwd4 Typography-module_bodyM__XNddq Spec-module_value__9FkNI Typography-module_responsive__iddT7\" style=\"box-sizing: inherit; margin-right: 0px; margin-bottom: 0px; margin-left: 0px; padding: 0px; font-size: 1rem; line-height: 1.375rem;\"><span style=\"box-sizing: inherit; margin: 0px; padding: 0px;\">Windows 11 Home</span></p></div><div class=\"Spec-module_valueWrapper__DTxWC\" style=\"box-sizing: inherit; margin: 1.25rem 0px 0px; padding: 0px;\"><p data-test-hook=\"@hpstellar/core/typography\" class=\"Typography-module_root__eQwd4 Typography-module_bodyM__XNddq Spec-module_subheading__-fxqA Typography-module_responsive__iddT7 Typography-module_isCaps__nxSmf\" style=\"box-sizing: inherit; margin-right: 0px; margin-bottom: 0px; margin-left: 0px; padding: 0px; font-size: 1rem; line-height: 1.375rem; text-transform: uppercase;\"><span style=\"box-sizing: inherit; margin: 0px; padding: 0px;\">Alternate Options</span></p><p data-test-hook=\"@hpstellar/core/typography\" class=\"Typography-module_root__eQwd4 Typography-module_bodyM__XNddq Spec-module_value__9FkNI Typography-module_responsive__iddT7\" style=\"box-sizing: inherit; margin-right: 0px; margin-bottom: 0px; margin-left: 0px; padding: 0px; font-size: 1rem; line-height: 1.375rem;\"><span style=\"box-sizing: inherit; margin: 0px; padding: 0px;\">Windows 11 Home<br style=\"box-sizing: inherit; margin: 0px; padding: 0px;\">Windows 11 Pro</span></p></div></div></div></div><div data-test-hook=\"@hpstellar/pdp/tech-specs__detailedSpec\" class=\"DetailedSpecs-module_specWrapper__3Zu1w\" style=\"box-sizing: inherit; margin: 0px 0px 1.5rem; padding: 0px 0px 1rem; border-bottom-width: 1px; border-bottom-color: rgb(204, 204, 204); color: rgb(0, 0, 0); font-family: FormaDJRMicro, -apple-system, BlinkMacSystemFont, sans-serif; font-size: medium;\"><div class=\"Spec-module_spec__71K6S\" style=\"box-sizing: inherit; margin: 0px; padding: 0px; color: rgb(44, 48, 56); display: flex; flex-direction: row;\"><div class=\"Spec-module_innerLeft__Z13zG\" style=\"box-sizing: inherit; margin: 0px 0px 0.375rem; padding: 0px; align-items: normal; display: flex; height: auto; position: relative; flex-shrink: 0; width: 25rem;\"><p data-test-hook=\"@hpstellar/core/typography\" class=\"Typography-module_root__eQwd4 Typography-module_boldL__LZR-5 Typography-module_responsive__iddT7\" style=\"box-sizing: inherit; margin-right: 0px; margin-bottom: 0px; margin-left: 0px; padding: 0px; font-weight: 700; font-size: 1.125rem; line-height: 1.375rem;\">Processor, graphics &amp; memory</p></div><div class=\"Spec-module_innerRight__4TTuE\" style=\"box-sizing: inherit; margin: 0px 0px 0px 1.75rem; padding: 0px; display: flex; flex-direction: column;\"><div class=\"Spec-module_valueWrapper__DTxWC\" style=\"box-sizing: inherit; margin: 0px; padding: 0px;\"><p data-test-hook=\"@hpstellar/core/typography\" class=\"Typography-module_root__eQwd4 Typography-module_bodyM__XNddq Spec-module_subheading__-fxqA Typography-module_responsive__iddT7 Typography-module_isCaps__nxSmf\" style=\"box-sizing: inherit; margin: 0.4375rem 0px 0px; padding: 0px; font-size: 1rem; line-height: 1.375rem; text-transform: uppercase;\"><span style=\"box-sizing: inherit; margin: 0px; padding: 0px;\">Included in Current Configuration</span></p><p data-test-hook=\"@hpstellar/core/typography\" class=\"Typography-module_root__eQwd4 Typography-module_bodyM__XNddq Spec-module_value__9FkNI Typography-module_responsive__iddT7\" style=\"box-sizing: inherit; margin-right: 0px; margin-bottom: 0px; margin-left: 0px; padding: 0px; font-size: 1rem; line-height: 1.375rem;\"><span style=\"box-sizing: inherit; margin: 0px; padding: 0px;\">Intel® Core™ Ultra 5 125H (up to 4.5 GHz, 18 MB L3 cache, 14 cores, 18 threads) + Intel® Arc™ Graphics + 16 GB(Onboard)</span></p></div><div class=\"Spec-module_valueWrapper__DTxWC\" style=\"box-sizing: inherit; margin: 1.25rem 0px 0px; padding: 0px;\"><p data-test-hook=\"@hpstellar/core/typography\" class=\"Typography-module_root__eQwd4 Typography-module_bodyM__XNddq Spec-module_subheading__-fxqA Typography-module_responsive__iddT7 Typography-module_isCaps__nxSmf\" style=\"box-sizing: inherit; margin-right: 0px; margin-bottom: 0px; margin-left: 0px; padding: 0px; font-size: 1rem; line-height: 1.375rem; text-transform: uppercase;\"><span style=\"box-sizing: inherit; margin: 0px; padding: 0px;\">Alternate Options</span></p><p data-test-hook=\"@hpstellar/core/typography\" class=\"Typography-module_root__eQwd4 Typography-module_bodyM__XNddq Spec-module_value__9FkNI Typography-module_responsive__iddT7\" style=\"box-sizing: inherit; margin-right: 0px; margin-bottom: 0px; margin-left: 0px; padding: 0px; font-size: 1rem; line-height: 1.375rem;\"><span style=\"box-sizing: inherit; margin: 0px; padding: 0px;\">Intel® Core™ Ultra 7 155H (up to 4.8 GHz, 24 MB L3 cache, 16 cores, 22 threads) + Intel® Arc™ Graphics + 16 GB(Onboard)<br style=\"box-sizing: inherit; margin: 0px; padding: 0px;\">Intel® Core™ Ultra 7 155H (up to 4.8 GHz, 24 MB L3 cache, 16 cores, 22 threads) + Intel® Arc™ Graphics + 32 GB(Onboard)<br style=\"box-sizing: inherit; margin: 0px; padding: 0px;\">Intel® Core™ Ultra 7 155H (up to 4.8 GHz, 24 MB L3 cache, 16 cores, 22 threads) + NVIDIA® GeForce RTX™ 4050 Laptop GPU (6 GB) + 32 GB(Onboard)</span></p></div></div></div></div><div data-test-hook=\"@hpstellar/pdp/tech-specs__detailedSpec\" class=\"DetailedSpecs-module_specWrapper__3Zu1w\" style=\"box-sizing: inherit; margin: 0px 0px 1.5rem; padding: 0px 0px 1rem; border-bottom-width: 1px; border-bottom-color: rgb(204, 204, 204); color: rgb(0, 0, 0); font-family: FormaDJRMicro, -apple-system, BlinkMacSystemFont, sans-serif; font-size: medium;\"><div class=\"Spec-module_spec__71K6S\" style=\"box-sizing: inherit; margin: 0px; padding: 0px; color: rgb(44, 48, 56); display: flex; flex-direction: row;\"><div class=\"Spec-module_innerLeft__Z13zG\" style=\"box-sizing: inherit; margin: 0px 0px 0.375rem; padding: 0px; align-items: normal; display: flex; height: auto; position: relative; flex-shrink: 0; width: 25rem;\"><p data-test-hook=\"@hpstellar/core/typography\" class=\"Typography-module_root__eQwd4 Typography-module_boldL__LZR-5 Typography-module_responsive__iddT7\" style=\"box-sizing: inherit; margin-right: 0px; margin-bottom: 0px; margin-left: 0px; padding: 0px; font-weight: 700; font-size: 1.125rem; line-height: 1.375rem;\">Performance Technology</p></div><div class=\"Spec-module_innerRight__4TTuE\" style=\"box-sizing: inherit; margin: 0px 0px 0px 1.75rem; padding: 0px; display: flex; flex-direction: column;\"><div class=\"Spec-module_valueWrapper__DTxWC\" style=\"box-sizing: inherit; margin: 0px; padding: 0px;\"><p data-test-hook=\"@hpstellar/core/typography\" class=\"Typography-module_root__eQwd4 Typography-module_bodyM__XNddq Spec-module_subheading__-fxqA Typography-module_responsive__iddT7 Typography-module_isCaps__nxSmf\" style=\"box-sizing: inherit; margin: 0.4375rem 0px 0px; padding: 0px; font-size: 1rem; line-height: 1.375rem; text-transform: uppercase;\"><span style=\"box-sizing: inherit; margin: 0px; padding: 0px;\"></span></p><p data-test-hook=\"@hpstellar/core/typography\" class=\"Typography-module_root__eQwd4 Typography-module_bodyM__XNddq Spec-module_value__9FkNI Typography-module_responsive__iddT7\" style=\"box-sizing: inherit; margin-right: 0px; margin-bottom: 0px; margin-left: 0px; padding: 0px; font-size: 1rem; line-height: 1.375rem;\"><span style=\"box-sizing: inherit; margin: 0px; padding: 0px;\">Intel® Evo™ laptop</span></p></div></div></div></div><div data-test-hook=\"@hpstellar/pdp/tech-specs__detailedSpec\" class=\"DetailedSpecs-module_specWrapper__3Zu1w\" style=\"box-sizing: inherit; margin: 0px 0px 1.5rem; padding: 0px 0px 1rem; border-bottom-width: 1px; border-bottom-color: rgb(204, 204, 204); color: rgb(0, 0, 0); font-family: FormaDJRMicro, -apple-system, BlinkMacSystemFont, sans-serif; font-size: medium;\"><div class=\"Spec-module_spec__71K6S\" style=\"box-sizing: inherit; margin: 0px; padding: 0px; color: rgb(44, 48, 56); display: flex; flex-direction: row;\"><div class=\"Spec-module_innerLeft__Z13zG\" style=\"box-sizing: inherit; margin: 0px 0px 0.375rem; padding: 0px; align-items: normal; display: flex; height: auto; position: relative; flex-shrink: 0; width: 25rem;\"><p data-test-hook=\"@hpstellar/core/typography\" class=\"Typography-module_root__eQwd4 Typography-module_boldL__LZR-5 Typography-module_responsive__iddT7\" style=\"box-sizing: inherit; margin-right: 0px; margin-bottom: 0px; margin-left: 0px; padding: 0px; font-weight: 700; font-size: 1.125rem; line-height: 1.375rem;\">Chipset</p></div><div class=\"Spec-module_innerRight__4TTuE\" style=\"box-sizing: inherit; margin: 0px 0px 0px 1.75rem; padding: 0px; display: flex; flex-direction: column;\"><div class=\"Spec-module_valueWrapper__DTxWC\" style=\"box-sizing: inherit; margin: 0px; padding: 0px;\"><p data-test-hook=\"@hpstellar/core/typography\" class=\"Typography-module_root__eQwd4 Typography-module_bodyM__XNddq Spec-module_subheading__-fxqA Typography-module_responsive__iddT7 Typography-module_isCaps__nxSmf\" style=\"box-sizing: inherit; margin: 0.4375rem 0px 0px; padding: 0px; font-size: 1rem; line-height: 1.375rem; text-transform: uppercase;\"><span style=\"box-sizing: inherit; margin: 0px; padding: 0px;\"></span></p><p data-test-hook=\"@hpstellar/core/typography\" class=\"Typography-module_root__eQwd4 Typography-module_bodyM__XNddq Spec-module_value__9FkNI Typography-module_responsive__iddT7\" style=\"box-sizing: inherit; margin-right: 0px; margin-bottom: 0px; margin-left: 0px; padding: 0px; font-size: 1rem; line-height: 1.375rem;\"><span style=\"box-sizing: inherit; margin: 0px; padding: 0px;\">Intel® integrated SoC</span></p></div></div></div></div><div data-test-hook=\"@hpstellar/pdp/tech-specs__detailedSpec\" class=\"DetailedSpecs-module_specWrapper__3Zu1w\" style=\"box-sizing: inherit; margin: 0px 0px 1.5rem; padding: 0px 0px 1rem; border-bottom-width: 1px; border-bottom-color: rgb(204, 204, 204); color: rgb(0, 0, 0); font-family: FormaDJRMicro, -apple-system, BlinkMacSystemFont, sans-serif; font-size: medium;\"><div class=\"Spec-module_spec__71K6S\" style=\"box-sizing: inherit; margin: 0px; padding: 0px; color: rgb(44, 48, 56); display: flex; flex-direction: row;\"><div class=\"Spec-module_innerLeft__Z13zG\" style=\"box-sizing: inherit; margin: 0px 0px 0.375rem; padding: 0px; align-items: normal; display: flex; height: auto; position: relative; flex-shrink: 0; width: 25rem;\"><p data-test-hook=\"@hpstellar/core/typography\" class=\"Typography-module_root__eQwd4 Typography-module_boldL__LZR-5 Typography-module_responsive__iddT7\" style=\"box-sizing: inherit; margin-right: 0px; margin-bottom: 0px; margin-left: 0px; padding: 0px; font-weight: 700; font-size: 1.125rem; line-height: 1.375rem;\">Storage</p></div><div class=\"Spec-module_innerRight__4TTuE\" style=\"box-sizing: inherit; margin: 0px 0px 0px 1.75rem; padding: 0px; display: flex; flex-direction: column;\"><div class=\"Spec-module_valueWrapper__DTxWC\" style=\"box-sizing: inherit; margin: 0px; padding: 0px;\"><p data-test-hook=\"@hpstellar/core/typography\" class=\"Typography-module_root__eQwd4 Typography-module_bodyM__XNddq Spec-module_subheading__-fxqA Typography-module_responsive__iddT7 Typography-module_isCaps__nxSmf\" style=\"box-sizing: inherit; margin: 0.4375rem 0px 0px; padding: 0px; font-size: 1rem; line-height: 1.375rem; text-transform: uppercase;\"><span style=\"box-sizing: inherit; margin: 0px; padding: 0px;\">Included in Current Configuration</span></p><p data-test-hook=\"@hpstellar/core/typography\" class=\"Typography-module_root__eQwd4 Typography-module_bodyM__XNddq Spec-module_value__9FkNI Typography-module_responsive__iddT7\" style=\"box-sizing: inherit; margin-right: 0px; margin-bottom: 0px; margin-left: 0px; padding: 0px; font-size: 1rem; line-height: 1.375rem;\"><span style=\"box-sizing: inherit; margin: 0px; padding: 0px;\">512 GB PCIe® NVMe™ TLC M.2 SSD (4x4 SSD)</span></p></div><div class=\"Spec-module_valueWrapper__DTxWC\" style=\"box-sizing: inherit; margin: 1.25rem 0px 0px; padding: 0px;\"><p data-test-hook=\"@hpstellar/core/typography\" class=\"Typography-module_root__eQwd4 Typography-module_bodyM__XNddq Spec-module_subheading__-fxqA Typography-module_responsive__iddT7 Typography-module_isCaps__nxSmf\" style=\"box-sizing: inherit; margin-right: 0px; margin-bottom: 0px; margin-left: 0px; padding: 0px; font-size: 1rem; line-height: 1.375rem; text-transform: uppercase;\"><span style=\"box-sizing: inherit; margin: 0px; padding: 0px;\">Alternate Options</span></p><p data-test-hook=\"@hpstellar/core/typography\" class=\"Typography-module_root__eQwd4 Typography-module_bodyM__XNddq Spec-module_value__9FkNI Typography-module_responsive__iddT7\" style=\"box-sizing: inherit; margin-right: 0px; margin-bottom: 0px; margin-left: 0px; padding: 0px; font-size: 1rem; line-height: 1.375rem;\"><span style=\"box-sizing: inherit; margin: 0px; padding: 0px;\">1 TB PCIe® NVMe™ M.2 SSD (4x4 SSD)</span></p></div></div></div></div><div data-test-hook=\"@hpstellar/pdp/tech-specs__detailedSpec\" class=\"DetailedSpecs-module_specWrapper__3Zu1w\" style=\"box-sizing: inherit; margin: 0px 0px 1.5rem; padding: 0px 0px 1rem; border-bottom-width: 1px; border-bottom-color: rgb(204, 204, 204); color: rgb(0, 0, 0); font-family: FormaDJRMicro, -apple-system, BlinkMacSystemFont, sans-serif; font-size: medium;\"><div class=\"Spec-module_spec__71K6S\" style=\"box-sizing: inherit; margin: 0px; padding: 0px; color: rgb(44, 48, 56); display: flex; flex-direction: row;\"><div class=\"Spec-module_innerLeft__Z13zG\" style=\"box-sizing: inherit; margin: 0px 0px 0.375rem; padding: 0px; align-items: normal; display: flex; height: auto; position: relative; flex-shrink: 0; width: 25rem;\"><p data-test-hook=\"@hpstellar/core/typography\" class=\"Typography-module_root__eQwd4 Typography-module_boldL__LZR-5 Typography-module_responsive__iddT7\" style=\"box-sizing: inherit; margin-right: 0px; margin-bottom: 0px; margin-left: 0px; padding: 0px; font-weight: 700; font-size: 1.125rem; line-height: 1.375rem;\">External optical drive</p></div><div class=\"Spec-module_innerRight__4TTuE\" style=\"box-sizing: inherit; margin: 0px 0px 0px 1.75rem; padding: 0px; display: flex; flex-direction: column;\"><div class=\"Spec-module_valueWrapper__DTxWC\" style=\"box-sizing: inherit; margin: 0px; padding: 0px;\"><p data-test-hook=\"@hpstellar/core/typography\" class=\"Typography-module_root__eQwd4 Typography-module_bodyM__XNddq Spec-module_subheading__-fxqA Typography-module_responsive__iddT7 Typography-module_isCaps__nxSmf\" style=\"box-sizing: inherit; margin: 0.4375rem 0px 0px; padding: 0px; font-size: 1rem; line-height: 1.375rem; text-transform: uppercase;\"><span style=\"box-sizing: inherit; margin: 0px; padding: 0px;\">Alternate Options</span></p><p data-test-hook=\"@hpstellar/core/typography\" class=\"Typography-module_root__eQwd4 Typography-module_bodyM__XNddq Spec-module_value__9FkNI Typography-module_responsive__iddT7\" style=\"box-sizing: inherit; margin-right: 0px; margin-bottom: 0px; margin-left: 0px; padding: 0px; font-size: 1rem; line-height: 1.375rem;\"><span style=\"box-sizing: inherit; margin: 0px; padding: 0px;\">External DVD burner</span></p></div></div></div></div><div data-test-hook=\"@hpstellar/pdp/tech-specs__detailedSpec\" class=\"DetailedSpecs-module_specWrapper__3Zu1w\" style=\"box-sizing: inherit; margin: 0px 0px 1.5rem; padding: 0px 0px 1rem; border-bottom-width: 1px; border-bottom-color: rgb(204, 204, 204); color: rgb(0, 0, 0); font-family: FormaDJRMicro, -apple-system, BlinkMacSystemFont, sans-serif; font-size: medium;\"><div class=\"Spec-module_spec__71K6S\" style=\"box-sizing: inherit; margin: 0px; padding: 0px; color: rgb(44, 48, 56); display: flex; flex-direction: row;\"><div class=\"Spec-module_innerLeft__Z13zG\" style=\"box-sizing: inherit; margin: 0px 0px 0.375rem; padding: 0px; align-items: normal; display: flex; height: auto; position: relative; flex-shrink: 0; width: 25rem;\"><p data-test-hook=\"@hpstellar/core/typography\" class=\"Typography-module_root__eQwd4 Typography-module_boldL__LZR-5 Typography-module_responsive__iddT7\" style=\"box-sizing: inherit; margin-right: 0px; margin-bottom: 0px; margin-left: 0px; padding: 0px; font-weight: 700; font-size: 1.125rem; line-height: 1.375rem;\">Display</p></div><div class=\"Spec-module_innerRight__4TTuE\" style=\"box-sizing: inherit; margin: 0px 0px 0px 1.75rem; padding: 0px; display: flex; flex-direction: column;\"><div class=\"Spec-module_valueWrapper__DTxWC\" style=\"box-sizing: inherit; margin: 0px; padding: 0px;\"><p data-test-hook=\"@hpstellar/core/typography\" class=\"Typography-module_root__eQwd4 Typography-module_bodyM__XNddq Spec-module_subheading__-fxqA Typography-module_responsive__iddT7 Typography-module_isCaps__nxSmf\" style=\"box-sizing: inherit; margin: 0.4375rem 0px 0px; padding: 0px; font-size: 1rem; line-height: 1.375rem; text-transform: uppercase;\"><span style=\"box-sizing: inherit; margin: 0px; padding: 0px;\">Included in Current Configuration</span></p><p data-test-hook=\"@hpstellar/core/typography\" class=\"Typography-module_root__eQwd4 Typography-module_bodyM__XNddq Spec-module_value__9FkNI Typography-module_responsive__iddT7\" style=\"box-sizing: inherit; margin-right: 0px; margin-bottom: 0px; margin-left: 0px; padding: 0px; font-size: 1rem; line-height: 1.375rem;\"><span style=\"box-sizing: inherit; margin: 0px; padding: 0px;\">16\" diagonal, WQXGA (2560 x 1600), 48-120 Hz, IPS, micro-edge, anti-glare, Low Blue Light, 400 nits</span></p></div></div></div></div><div data-test-hook=\"@hpstellar/pdp/tech-specs__detailedSpec\" class=\"DetailedSpecs-module_specWrapper__3Zu1w\" style=\"box-sizing: inherit; margin: 0px 0px 1.5rem; padding: 0px 0px 1rem; border-bottom-width: 1px; border-bottom-color: rgb(204, 204, 204); color: rgb(0, 0, 0); font-family: FormaDJRMicro, -apple-system, BlinkMacSystemFont, sans-serif; font-size: medium;\"><div class=\"Spec-module_spec__71K6S\" style=\"box-sizing: inherit; margin: 0px; padding: 0px; color: rgb(44, 48, 56); display: flex; flex-direction: row;\"><div class=\"Spec-module_innerLeft__Z13zG\" style=\"box-sizing: inherit; margin: 0px 0px 0.375rem; padding: 0px; align-items: normal; display: flex; height: auto; position: relative; flex-shrink: 0; width: 25rem;\"><p data-test-hook=\"@hpstellar/core/typography\" class=\"Typography-module_root__eQwd4 Typography-module_boldL__LZR-5 Typography-module_responsive__iddT7\" style=\"box-sizing: inherit; margin-right: 0px; margin-bottom: 0px; margin-left: 0px; padding: 0px; font-weight: 700; font-size: 1.125rem; line-height: 1.375rem;\">Screen-To-Body Ratio</p></div><div class=\"Spec-module_innerRight__4TTuE\" style=\"box-sizing: inherit; margin: 0px 0px 0px 1.75rem; padding: 0px; display: flex; flex-direction: column;\"><div class=\"Spec-module_valueWrapper__DTxWC\" style=\"box-sizing: inherit; margin: 0px; padding: 0px;\"><p data-test-hook=\"@hpstellar/core/typography\" class=\"Typography-module_root__eQwd4 Typography-module_bodyM__XNddq Spec-module_subheading__-fxqA Typography-module_responsive__iddT7 Typography-module_isCaps__nxSmf\" style=\"box-sizing: inherit; margin: 0.4375rem 0px 0px; padding: 0px; font-size: 1rem; line-height: 1.375rem; text-transform: uppercase;\"><span style=\"box-sizing: inherit; margin: 0px; padding: 0px;\"></span></p><p data-test-hook=\"@hpstellar/core/typography\" class=\"Typography-module_root__eQwd4 Typography-module_bodyM__XNddq Spec-module_value__9FkNI Typography-module_responsive__iddT7\" style=\"box-sizing: inherit; margin-right: 0px; margin-bottom: 0px; margin-left: 0px; padding: 0px; font-size: 1rem; line-height: 1.375rem;\"><span style=\"box-sizing: inherit; margin: 0px; padding: 0px;\">89.74%</span></p></div></div></div></div><div data-test-hook=\"@hpstellar/pdp/tech-specs__detailedSpec\" class=\"DetailedSpecs-module_specWrapper__3Zu1w\" style=\"box-sizing: inherit; margin: 0px 0px 1.5rem; padding: 0px 0px 1rem; border-bottom-width: 1px; border-bottom-color: rgb(204, 204, 204); color: rgb(0, 0, 0); font-family: FormaDJRMicro, -apple-system, BlinkMacSystemFont, sans-serif; font-size: medium;\"><div class=\"Spec-module_spec__71K6S\" style=\"box-sizing: inherit; margin: 0px; padding: 0px; color: rgb(44, 48, 56); display: flex; flex-direction: row;\"><div class=\"Spec-module_innerLeft__Z13zG\" style=\"box-sizing: inherit; margin: 0px 0px 0.375rem; padding: 0px; align-items: normal; display: flex; height: auto; position: relative; flex-shrink: 0; width: 25rem;\"><p data-test-hook=\"@hpstellar/core/typography\" class=\"Typography-module_root__eQwd4 Typography-module_boldL__LZR-5 Typography-module_responsive__iddT7\" style=\"box-sizing: inherit; margin-right: 0px; margin-bottom: 0px; margin-left: 0px; padding: 0px; font-weight: 700; font-size: 1.125rem; line-height: 1.375rem;\">Webcam</p></div><div class=\"Spec-module_innerRight__4TTuE\" style=\"box-sizing: inherit; margin: 0px 0px 0px 1.75rem; padding: 0px; display: flex; flex-direction: column;\"><div class=\"Spec-module_valueWrapper__DTxWC\" style=\"box-sizing: inherit; margin: 0px; padding: 0px;\"><p data-test-hook=\"@hpstellar/core/typography\" class=\"Typography-module_root__eQwd4 Typography-module_bodyM__XNddq Spec-module_subheading__-fxqA Typography-module_responsive__iddT7 Typography-module_isCaps__nxSmf\" style=\"box-sizing: inherit; margin: 0.4375rem 0px 0px; padding: 0px; font-size: 1rem; line-height: 1.375rem; text-transform: uppercase;\"><span style=\"box-sizing: inherit; margin: 0px; padding: 0px;\"></span></p><p data-test-hook=\"@hpstellar/core/typography\" class=\"Typography-module_root__eQwd4 Typography-module_bodyM__XNddq Spec-module_value__9FkNI Typography-module_responsive__iddT7\" style=\"box-sizing: inherit; margin-right: 0px; margin-bottom: 0px; margin-left: 0px; padding: 0px; font-size: 1rem; line-height: 1.375rem;\"><span style=\"box-sizing: inherit; margin: 0px; padding: 0px;\">HP Wide Vision 5MP IR camera&nbsp;with temporal noise reduction and integrated dual array digital microphones</span></p></div></div></div></div><div data-test-hook=\"@hpstellar/pdp/tech-specs__detailedSpec\" class=\"DetailedSpecs-module_specWrapper__3Zu1w\" style=\"box-sizing: inherit; margin: 0px 0px 1.5rem; padding: 0px 0px 1rem; border-bottom-width: 1px; border-bottom-color: rgb(204, 204, 204); color: rgb(0, 0, 0); font-family: FormaDJRMicro, -apple-system, BlinkMacSystemFont, sans-serif; font-size: medium;\"><div class=\"Spec-module_spec__71K6S\" style=\"box-sizing: inherit; margin: 0px; padding: 0px; color: rgb(44, 48, 56); display: flex; flex-direction: row;\"><div class=\"Spec-module_innerLeft__Z13zG\" style=\"box-sizing: inherit; margin: 0px 0px 0.375rem; padding: 0px; align-items: normal; display: flex; height: auto; position: relative; flex-shrink: 0; width: 25rem;\"><p data-test-hook=\"@hpstellar/core/typography\" class=\"Typography-module_root__eQwd4 Typography-module_boldL__LZR-5 Typography-module_responsive__iddT7\" style=\"box-sizing: inherit; margin-right: 0px; margin-bottom: 0px; margin-left: 0px; padding: 0px; font-weight: 700; font-size: 1.125rem; line-height: 1.375rem;\">Audio Features</p></div><div class=\"Spec-module_innerRight__4TTuE\" style=\"box-sizing: inherit; margin: 0px 0px 0px 1.75rem; padding: 0px; display: flex; flex-direction: column;\"><div class=\"Spec-module_valueWrapper__DTxWC\" style=\"box-sizing: inherit; margin: 0px; padding: 0px;\"><p data-test-hook=\"@hpstellar/core/typography\" class=\"Typography-module_root__eQwd4 Typography-module_bodyM__XNddq Spec-module_subheading__-fxqA Typography-module_responsive__iddT7 Typography-module_isCaps__nxSmf\" style=\"box-sizing: inherit; margin: 0.4375rem 0px 0px; padding: 0px; font-size: 1rem; line-height: 1.375rem; text-transform: uppercase;\"><span style=\"box-sizing: inherit; margin: 0px; padding: 0px;\"></span></p><p data-test-hook=\"@hpstellar/core/typography\" class=\"Typography-module_root__eQwd4 Typography-module_bodyM__XNddq Spec-module_value__9FkNI Typography-module_responsive__iddT7\" style=\"box-sizing: inherit; margin-right: 0px; margin-bottom: 0px; margin-left: 0px; padding: 0px; font-size: 1rem; line-height: 1.375rem;\"><span style=\"box-sizing: inherit; margin: 0px; padding: 0px;\">DTS:X® Ultra; Dual speakers; HP Audio Boost; Poly Studio</span></p></div></div></div></div><div data-test-hook=\"@hpstellar/pdp/tech-specs__detailedSpec\" class=\"DetailedSpecs-module_specWrapper__3Zu1w\" style=\"box-sizing: inherit; margin: 0px 0px 1.5rem; padding: 0px 0px 1rem; border-bottom-width: 1px; border-bottom-color: rgb(204, 204, 204); color: rgb(0, 0, 0); font-family: FormaDJRMicro, -apple-system, BlinkMacSystemFont, sans-serif; font-size: medium;\"><div class=\"Spec-module_spec__71K6S\" style=\"box-sizing: inherit; margin: 0px; padding: 0px; color: rgb(44, 48, 56); display: flex; flex-direction: row;\"><div class=\"Spec-module_innerLeft__Z13zG\" style=\"box-sizing: inherit; margin: 0px 0px 0.375rem; padding: 0px; align-items: normal; display: flex; height: auto; position: relative; flex-shrink: 0; width: 25rem;\"><p data-test-hook=\"@hpstellar/core/typography\" class=\"Typography-module_root__eQwd4 Typography-module_boldL__LZR-5 Typography-module_responsive__iddT7\" style=\"box-sizing: inherit; margin-right: 0px; margin-bottom: 0px; margin-left: 0px; padding: 0px; font-weight: 700; font-size: 1.125rem; line-height: 1.375rem;\">Color</p></div><div class=\"Spec-module_innerRight__4TTuE\" style=\"box-sizing: inherit; margin: 0px 0px 0px 1.75rem; padding: 0px; display: flex; flex-direction: column;\"><div class=\"Spec-module_valueWrapper__DTxWC\" style=\"box-sizing: inherit; margin: 0px; padding: 0px;\"><p data-test-hook=\"@hpstellar/core/typography\" class=\"Typography-module_root__eQwd4 Typography-module_bodyM__XNddq Spec-module_subheading__-fxqA Typography-module_responsive__iddT7 Typography-module_isCaps__nxSmf\" style=\"box-sizing: inherit; margin: 0.4375rem 0px 0px; padding: 0px; font-size: 1rem; line-height: 1.375rem; text-transform: uppercase;\"><span style=\"box-sizing: inherit; margin: 0px; padding: 0px;\">Included in Current Configuration</span></p><p data-test-hook=\"@hpstellar/core/typography\" class=\"Typography-module_root__eQwd4 Typography-module_bodyM__XNddq Spec-module_value__9FkNI Typography-module_responsive__iddT7\" style=\"box-sizing: inherit; margin-right: 0px; margin-bottom: 0px; margin-left: 0px; padding: 0px; font-size: 1rem; line-height: 1.375rem;\"><span style=\"box-sizing: inherit; margin: 0px; padding: 0px;\">Natural silver</span></p></div></div></div></div>', '2024-08-27-66cd9bac8d08c.png', 350000, 550, NULL, 'on', 1, '2024-08-27 03:26:04', '2024-08-27 03:26:04');
INSERT INTO `products` (`id`, `name`, `category_id`, `subcategory_id`, `brand_id`, `short_des`, `long_des`, `specifications`, `image`, `price`, `quantity`, `discount`, `featured`, `status`, `created_at`, `updated_at`) VALUES
(6, 'Iphone 15', 1, 1, 6, 'Iphone 15', '<p><span>Lorem ipsum dolor sit amet, consectetur adipiscing elit. Cras interdum, lectus ut vehicula iaculis, neque enim imperdiet leo, non euismod justo sem id ante. Donec vestibulum turpis eu urna fermentum, quis malesuada tellus tempus. Cras mi est, consectetur at lectus congue, interdum fringilla lorem. In auctor tortor enim, vehicula pretium nisl lobortis ac.</span><br></p>', '<table cellspacing=\"0\" style=\"margin: 0px; padding: 1px 0px; border-top-width: 5px; border-right-style: initial; border-bottom-style: initial; border-left-style: initial; border-top-color: rgb(238, 238, 238); border-right-color: initial; border-bottom-color: initial; border-left-color: initial; border-image: initial; font-variant-numeric: inherit; font-variant-east-asian: inherit; font-variant-alternates: inherit; font-variant-position: inherit; font-stretch: inherit; line-height: inherit; font-family: Arimo, Arial, sans-serif; font-optical-sizing: inherit; font-size-adjust: inherit; font-kerning: inherit; font-feature-settings: inherit; font-variation-settings: inherit; vertical-align: baseline; width: 727px; background-color: rgb(250, 250, 250); border-spacing: 0px; color: rgb(0, 0, 0);\"><tbody style=\"margin: 0px; padding: 0px; border-style: initial; border-color: initial; border-image: initial; font: inherit; vertical-align: baseline;\"><tr style=\"margin: 0px; padding: 0px; border-style: initial; border-color: initial; border-image: initial; font: inherit; vertical-align: baseline;\"><th rowspan=\"5\" scope=\"row\" style=\"margin: 0px; padding: 2px 10px; border-right: medium none; border-top-style: initial; border-bottom-style: initial; border-left-style: initial; border-top-color: initial; border-bottom-color: initial; border-left-color: initial; border-image: initial; font-variant-numeric: normal; font-variant-east-asian: normal; font-variant-alternates: normal; font-size-adjust: none; font-kerning: auto; font-optical-sizing: auto; font-feature-settings: normal; font-variation-settings: normal; font-variant-position: normal; font-weight: normal; font-stretch: normal; line-height: normal; font-family: Google-Oswald, Arial; text-transform: uppercase; width: 86px; color: rgb(213, 0, 0);\">Display</th><td class=\"ttl\" style=\"margin: 0px; padding: 2px 10px; border-bottom-width: 1px; border-top-style: initial; border-right-style: initial; border-left-style: initial; border-top-color: initial; border-right-color: initial; border-bottom-color: rgb(240, 240, 240); border-left-color: initial; border-image: initial; font-variant-numeric: normal; font-variant-east-asian: normal; font-variant-alternates: normal; font-size-adjust: none; font-kerning: auto; font-optical-sizing: auto; font-feature-settings: normal; font-variation-settings: normal; font-variant-position: normal; font-weight: 700; font-stretch: normal; font-size: 14px; line-height: 16px; font-family: Arimo, Arial; color: rgb(125, 116, 100); width: 110px;\"><a href=\"https://www.gsmarena.com/glossary.php3?term=display-type\" style=\"margin: 0px; padding: 0px; border-style: initial; border-color: initial; border-image: initial; font: inherit; vertical-align: baseline; color: rgb(85, 85, 85);\">Type</a></td><td class=\"nfo\" data-spec=\"displaytype\" style=\"margin: 0px; padding: 2px 10px; border-bottom-width: 1px; border-top-style: initial; border-right-style: initial; border-left-style: initial; border-top-color: initial; border-right-color: initial; border-bottom-color: rgb(240, 240, 240); border-left-color: initial; border-image: initial; font-variant-numeric: normal; font-variant-east-asian: normal; font-variant-alternates: normal; font-size-adjust: none; font-kerning: auto; font-optical-sizing: auto; font-feature-settings: normal; font-variation-settings: normal; font-variant-position: normal; font-stretch: normal; font-size: 14px; line-height: 16px; font-family: Arimo, Arial; position: relative;\">Super Retina XDR OLED, HDR10, Dolby Vision, 1000 nits (HBM), 2000 nits (peak)</td></tr><tr style=\"margin: 0px; padding: 0px; border-style: initial; border-color: initial; border-image: initial; font: inherit; vertical-align: baseline;\"><td class=\"ttl\" style=\"margin: 0px; padding: 2px 10px; border-bottom-width: 1px; border-top-style: initial; border-right-style: initial; border-left-style: initial; border-top-color: initial; border-right-color: initial; border-bottom-color: rgb(240, 240, 240); border-left-color: initial; border-image: initial; font-variant-numeric: normal; font-variant-east-asian: normal; font-variant-alternates: normal; font-size-adjust: none; font-kerning: auto; font-optical-sizing: auto; font-feature-settings: normal; font-variation-settings: normal; font-variant-position: normal; font-weight: 700; font-stretch: normal; font-size: 14px; line-height: 16px; font-family: Arimo, Arial; color: rgb(125, 116, 100); width: 110px;\"><a href=\"https://www.gsmarena.com/apple_iphone_15-12559.php#\" style=\"margin: 0px; padding: 0px; border-style: initial; border-color: initial; border-image: initial; font: inherit; vertical-align: baseline; color: rgb(85, 85, 85);\">Size</a></td><td class=\"nfo\" data-spec=\"displaysize\" style=\"margin: 0px; padding: 2px 10px; border-bottom-width: 1px; border-top-style: initial; border-right-style: initial; border-left-style: initial; border-top-color: initial; border-right-color: initial; border-bottom-color: rgb(240, 240, 240); border-left-color: initial; border-image: initial; font-variant-numeric: normal; font-variant-east-asian: normal; font-variant-alternates: normal; font-size-adjust: none; font-kerning: auto; font-optical-sizing: auto; font-feature-settings: normal; font-variation-settings: normal; font-variant-position: normal; font-stretch: normal; font-size: 14px; line-height: 16px; font-family: Arimo, Arial; position: relative;\">6.1 inches, 91.3 cm<sup style=\"margin: 0px; padding: 0px; border-style: initial; border-color: initial; border-image: initial; font-style: inherit; font-variant: inherit; font-weight: inherit; font-stretch: inherit; font-size: 0.8em; line-height: 0.8em; font-family: inherit; font-optical-sizing: inherit; font-size-adjust: inherit; font-kerning: inherit; font-feature-settings: inherit; font-variation-settings: inherit;\">2</sup>&nbsp;(~86.4% screen-to-body ratio)</td></tr><tr style=\"margin: 0px; padding: 0px; border-style: initial; border-color: initial; border-image: initial; font: inherit; vertical-align: baseline;\"><td class=\"ttl\" style=\"margin: 0px; padding: 2px 10px; border-bottom-width: 1px; border-top-style: initial; border-right-style: initial; border-left-style: initial; border-top-color: initial; border-right-color: initial; border-bottom-color: rgb(240, 240, 240); border-left-color: initial; border-image: initial; font-variant-numeric: normal; font-variant-east-asian: normal; font-variant-alternates: normal; font-size-adjust: none; font-kerning: auto; font-optical-sizing: auto; font-feature-settings: normal; font-variation-settings: normal; font-variant-position: normal; font-weight: 700; font-stretch: normal; font-size: 14px; line-height: 16px; font-family: Arimo, Arial; color: rgb(125, 116, 100); width: 110px;\"><a href=\"https://www.gsmarena.com/glossary.php3?term=resolution\" style=\"margin: 0px; padding: 0px; border-style: initial; border-color: initial; border-image: initial; font: inherit; vertical-align: baseline; color: rgb(85, 85, 85);\">Resolution</a></td><td class=\"nfo\" data-spec=\"displayresolution\" style=\"margin: 0px; padding: 2px 10px; border-bottom-width: 1px; border-top-style: initial; border-right-style: initial; border-left-style: initial; border-top-color: initial; border-right-color: initial; border-bottom-color: rgb(240, 240, 240); border-left-color: initial; border-image: initial; font-variant-numeric: normal; font-variant-east-asian: normal; font-variant-alternates: normal; font-size-adjust: none; font-kerning: auto; font-optical-sizing: auto; font-feature-settings: normal; font-variation-settings: normal; font-variant-position: normal; font-stretch: normal; font-size: 14px; line-height: 16px; font-family: Arimo, Arial; position: relative;\">1179 x 2556 pixels, 19.5:9 ratio (~461 ppi density)</td></tr><tr style=\"margin: 0px; padding: 0px; border-style: initial; border-color: initial; border-image: initial; font: inherit; vertical-align: baseline;\"><td class=\"ttl\" style=\"margin: 0px; padding: 2px 10px; border-bottom: medium none; border-top-style: initial; border-right-style: initial; border-left-style: initial; border-top-color: initial; border-right-color: initial; border-left-color: initial; border-image: initial; font-variant-numeric: normal; font-variant-east-asian: normal; font-variant-alternates: normal; font-size-adjust: none; font-kerning: auto; font-optical-sizing: auto; font-feature-settings: normal; font-variation-settings: normal; font-variant-position: normal; font-weight: 700; font-stretch: normal; font-size: 14px; line-height: 16px; font-family: Arimo, Arial; color: rgb(125, 116, 100); width: 110px;\"><a href=\"https://www.gsmarena.com/glossary.php3?term=screen-protection\" style=\"margin: 0px; padding: 0px; border-style: initial; border-color: initial; border-image: initial; font: inherit; vertical-align: baseline; color: rgb(85, 85, 85);\">Protection</a></td><td class=\"nfo\" data-spec=\"displayprotection\" style=\"margin: 0px; padding: 2px 10px; border-bottom: medium none; border-top-style: initial; border-right-style: initial; border-left-style: initial; border-top-color: initial; border-right-color: initial; border-left-color: initial; border-image: initial; font-variant-numeric: normal; font-variant-east-asian: normal; font-variant-alternates: normal; font-size-adjust: none; font-kerning: auto; font-optical-sizing: auto; font-feature-settings: normal; font-variation-settings: normal; font-variant-position: normal; font-stretch: normal; font-size: 14px; line-height: 16px; font-family: Arimo, Arial; position: relative;\">Ceramic Shield glass</td></tr></tbody></table><table cellspacing=\"0\" style=\"margin: 0px; padding: 1px 0px; border-top-width: 5px; border-right-style: initial; border-bottom-style: initial; border-left-style: initial; border-top-color: rgb(238, 238, 238); border-right-color: initial; border-bottom-color: initial; border-left-color: initial; border-image: initial; font-variant-numeric: inherit; font-variant-east-asian: inherit; font-variant-alternates: inherit; font-variant-position: inherit; font-stretch: inherit; line-height: inherit; font-family: Arimo, Arial, sans-serif; font-optical-sizing: inherit; font-size-adjust: inherit; font-kerning: inherit; font-feature-settings: inherit; font-variation-settings: inherit; vertical-align: baseline; width: 727px; background-color: rgb(250, 250, 250); border-spacing: 0px; color: rgb(0, 0, 0);\"><tbody style=\"margin: 0px; padding: 0px; border-style: initial; border-color: initial; border-image: initial; font: inherit; vertical-align: baseline;\"><tr style=\"margin: 0px; padding: 0px; border-style: initial; border-color: initial; border-image: initial; font: inherit; vertical-align: baseline;\"><th rowspan=\"4\" scope=\"row\" style=\"margin: 0px; padding: 2px 10px; border-right: medium none; border-top-style: initial; border-bottom-style: initial; border-left-style: initial; border-top-color: initial; border-bottom-color: initial; border-left-color: initial; border-image: initial; font-variant-numeric: normal; font-variant-east-asian: normal; font-variant-alternates: normal; font-size-adjust: none; font-kerning: auto; font-optical-sizing: auto; font-feature-settings: normal; font-variation-settings: normal; font-variant-position: normal; font-weight: normal; font-stretch: normal; line-height: normal; font-family: Google-Oswald, Arial; text-transform: uppercase; width: 86px; color: rgb(213, 0, 0);\">Platform</th><td class=\"ttl\" style=\"margin: 0px; padding: 2px 10px; border-bottom-width: 1px; border-top-style: initial; border-right-style: initial; border-left-style: initial; border-top-color: initial; border-right-color: initial; border-bottom-color: rgb(240, 240, 240); border-left-color: initial; border-image: initial; font-variant-numeric: normal; font-variant-east-asian: normal; font-variant-alternates: normal; font-size-adjust: none; font-kerning: auto; font-optical-sizing: auto; font-feature-settings: normal; font-variation-settings: normal; font-variant-position: normal; font-weight: 700; font-stretch: normal; font-size: 14px; line-height: 16px; font-family: Arimo, Arial; color: rgb(125, 116, 100); width: 110px;\"><a href=\"https://www.gsmarena.com/glossary.php3?term=os\" style=\"margin: 0px; padding: 0px; border-style: initial; border-color: initial; border-image: initial; font: inherit; vertical-align: baseline; color: rgb(85, 85, 85);\">OS</a></td><td class=\"nfo\" data-spec=\"os\" style=\"margin: 0px; padding: 2px 10px; border-bottom-width: 1px; border-top-style: initial; border-right-style: initial; border-left-style: initial; border-top-color: initial; border-right-color: initial; border-bottom-color: rgb(240, 240, 240); border-left-color: initial; border-image: initial; font-variant-numeric: normal; font-variant-east-asian: normal; font-variant-alternates: normal; font-size-adjust: none; font-kerning: auto; font-optical-sizing: auto; font-feature-settings: normal; font-variation-settings: normal; font-variant-position: normal; font-stretch: normal; font-size: 14px; line-height: 16px; font-family: Arimo, Arial; position: relative;\">iOS 17, upgradable to iOS 17.6.1, planned upgrade to iOS 18</td></tr><tr style=\"margin: 0px; padding: 0px; border-style: initial; border-color: initial; border-image: initial; font: inherit; vertical-align: baseline;\"><td class=\"ttl\" style=\"margin: 0px; padding: 2px 10px; border-bottom-width: 1px; border-top-style: initial; border-right-style: initial; border-left-style: initial; border-top-color: initial; border-right-color: initial; border-bottom-color: rgb(240, 240, 240); border-left-color: initial; border-image: initial; font-variant-numeric: normal; font-variant-east-asian: normal; font-variant-alternates: normal; font-size-adjust: none; font-kerning: auto; font-optical-sizing: auto; font-feature-settings: normal; font-variation-settings: normal; font-variant-position: normal; font-weight: 700; font-stretch: normal; font-size: 14px; line-height: 16px; font-family: Arimo, Arial; color: rgb(125, 116, 100); width: 110px;\"><a href=\"https://www.gsmarena.com/glossary.php3?term=chipset\" style=\"margin: 0px; padding: 0px; border-style: initial; border-color: initial; border-image: initial; font: inherit; vertical-align: baseline; color: rgb(85, 85, 85);\">Chipset</a></td><td class=\"nfo\" data-spec=\"chipset\" style=\"margin: 0px; padding: 2px 10px; border-bottom-width: 1px; border-top-style: initial; border-right-style: initial; border-left-style: initial; border-top-color: initial; border-right-color: initial; border-bottom-color: rgb(240, 240, 240); border-left-color: initial; border-image: initial; font-variant-numeric: normal; font-variant-east-asian: normal; font-variant-alternates: normal; font-size-adjust: none; font-kerning: auto; font-optical-sizing: auto; font-feature-settings: normal; font-variation-settings: normal; font-variant-position: normal; font-stretch: normal; font-size: 14px; line-height: 16px; font-family: Arimo, Arial; position: relative;\">Apple A16 Bionic (4 nm)</td></tr><tr style=\"margin: 0px; padding: 0px; border-style: initial; border-color: initial; border-image: initial; font: inherit; vertical-align: baseline;\"><td class=\"ttl\" style=\"margin: 0px; padding: 2px 10px; border-bottom-width: 1px; border-top-style: initial; border-right-style: initial; border-left-style: initial; border-top-color: initial; border-right-color: initial; border-bottom-color: rgb(240, 240, 240); border-left-color: initial; border-image: initial; font-variant-numeric: normal; font-variant-east-asian: normal; font-variant-alternates: normal; font-size-adjust: none; font-kerning: auto; font-optical-sizing: auto; font-feature-settings: normal; font-variation-settings: normal; font-variant-position: normal; font-weight: 700; font-stretch: normal; font-size: 14px; line-height: 16px; font-family: Arimo, Arial; color: rgb(125, 116, 100); width: 110px;\"><a href=\"https://www.gsmarena.com/glossary.php3?term=cpu\" style=\"margin: 0px; padding: 0px; border-style: initial; border-color: initial; border-image: initial; font: inherit; vertical-align: baseline; color: rgb(85, 85, 85);\">CPU</a></td><td class=\"nfo\" data-spec=\"cpu\" style=\"margin: 0px; padding: 2px 10px; border-bottom-width: 1px; border-top-style: initial; border-right-style: initial; border-left-style: initial; border-top-color: initial; border-right-color: initial; border-bottom-color: rgb(240, 240, 240); border-left-color: initial; border-image: initial; font-variant-numeric: normal; font-variant-east-asian: normal; font-variant-alternates: normal; font-size-adjust: none; font-kerning: auto; font-optical-sizing: auto; font-feature-settings: normal; font-variation-settings: normal; font-variant-position: normal; font-stretch: normal; font-size: 14px; line-height: 16px; font-family: Arimo, Arial; position: relative;\">Hexa-core (2x3.46 GHz Everest + 4x2.02 GHz Sawtooth)</td></tr><tr style=\"margin: 0px; padding: 0px; border-style: initial; border-color: initial; border-image: initial; font: inherit; vertical-align: baseline;\"><td class=\"ttl\" style=\"margin: 0px; padding: 2px 10px; border-bottom: medium none; border-top-style: initial; border-right-style: initial; border-left-style: initial; border-top-color: initial; border-right-color: initial; border-left-color: initial; border-image: initial; font-variant-numeric: normal; font-variant-east-asian: normal; font-variant-alternates: normal; font-size-adjust: none; font-kerning: auto; font-optical-sizing: auto; font-feature-settings: normal; font-variation-settings: normal; font-variant-position: normal; font-weight: 700; font-stretch: normal; font-size: 14px; line-height: 16px; font-family: Arimo, Arial; color: rgb(125, 116, 100); width: 110px;\"><a href=\"https://www.gsmarena.com/glossary.php3?term=gpu\" style=\"margin: 0px; padding: 0px; border-style: initial; border-color: initial; border-image: initial; font: inherit; vertical-align: baseline; color: rgb(85, 85, 85);\">GPU</a></td><td class=\"nfo\" data-spec=\"gpu\" style=\"margin: 0px; padding: 2px 10px; border-bottom: medium none; border-top-style: initial; border-right-style: initial; border-left-style: initial; border-top-color: initial; border-right-color: initial; border-left-color: initial; border-image: initial; font-variant-numeric: normal; font-variant-east-asian: normal; font-variant-alternates: normal; font-size-adjust: none; font-kerning: auto; font-optical-sizing: auto; font-feature-settings: normal; font-variation-settings: normal; font-variant-position: normal; font-stretch: normal; font-size: 14px; line-height: 16px; font-family: Arimo, Arial; position: relative;\">Apple GPU (5-core graphics)</td></tr></tbody></table><table cellspacing=\"0\" style=\"margin: 0px; padding: 1px 0px; border-top-width: 5px; border-right-style: initial; border-bottom-style: initial; border-left-style: initial; border-top-color: rgb(238, 238, 238); border-right-color: initial; border-bottom-color: initial; border-left-color: initial; border-image: initial; font-variant-numeric: inherit; font-variant-east-asian: inherit; font-variant-alternates: inherit; font-variant-position: inherit; font-stretch: inherit; line-height: inherit; font-family: Arimo, Arial, sans-serif; font-optical-sizing: inherit; font-size-adjust: inherit; font-kerning: inherit; font-feature-settings: inherit; font-variation-settings: inherit; vertical-align: baseline; width: 727px; background-color: rgb(250, 250, 250); border-spacing: 0px; color: rgb(0, 0, 0);\"><tbody style=\"margin: 0px; padding: 0px; border-style: initial; border-color: initial; border-image: initial; font: inherit; vertical-align: baseline;\"><tr style=\"margin: 0px; padding: 0px; border-style: initial; border-color: initial; border-image: initial; font: inherit; vertical-align: baseline;\"><th rowspan=\"5\" scope=\"row\" style=\"margin: 0px; padding: 2px 10px; border-right: medium none; border-top-style: initial; border-bottom-style: initial; border-left-style: initial; border-top-color: initial; border-bottom-color: initial; border-left-color: initial; border-image: initial; font-variant-numeric: normal; font-variant-east-asian: normal; font-variant-alternates: normal; font-size-adjust: none; font-kerning: auto; font-optical-sizing: auto; font-feature-settings: normal; font-variation-settings: normal; font-variant-position: normal; font-weight: normal; font-stretch: normal; line-height: normal; font-family: Google-Oswald, Arial; text-transform: uppercase; width: 86px; color: rgb(213, 0, 0);\">Memory</th><td class=\"ttl\" style=\"margin: 0px; padding: 2px 10px; border-bottom-width: 1px; border-top-style: initial; border-right-style: initial; border-left-style: initial; border-top-color: initial; border-right-color: initial; border-bottom-color: rgb(240, 240, 240); border-left-color: initial; border-image: initial; font-variant-numeric: normal; font-variant-east-asian: normal; font-variant-alternates: normal; font-size-adjust: none; font-kerning: auto; font-optical-sizing: auto; font-feature-settings: normal; font-variation-settings: normal; font-variant-position: normal; font-weight: 700; font-stretch: normal; font-size: 14px; line-height: 16px; font-family: Arimo, Arial; color: rgb(125, 116, 100); width: 110px;\"><a href=\"https://www.gsmarena.com/glossary.php3?term=memory-card-slot\" style=\"margin: 0px; padding: 0px; border-style: initial; border-color: initial; border-image: initial; font: inherit; vertical-align: baseline; color: rgb(85, 85, 85);\">Card slot</a></td><td class=\"nfo\" data-spec=\"memoryslot\" style=\"margin: 0px; padding: 2px 10px; border-bottom-width: 1px; border-top-style: initial; border-right-style: initial; border-left-style: initial; border-top-color: initial; border-right-color: initial; border-bottom-color: rgb(240, 240, 240); border-left-color: initial; border-image: initial; font-variant-numeric: normal; font-variant-east-asian: normal; font-variant-alternates: normal; font-size-adjust: none; font-kerning: auto; font-optical-sizing: auto; font-feature-settings: normal; font-variation-settings: normal; font-variant-position: normal; font-stretch: normal; font-size: 14px; line-height: 16px; font-family: Arimo, Arial; position: relative;\">No</td></tr><tr style=\"margin: 0px; padding: 0px; border-style: initial; border-color: initial; border-image: initial; font: inherit; vertical-align: baseline;\"><td class=\"ttl\" style=\"margin: 0px; padding: 2px 10px; border-bottom-width: 1px; border-top-style: initial; border-right-style: initial; border-left-style: initial; border-top-color: initial; border-right-color: initial; border-bottom-color: rgb(240, 240, 240); border-left-color: initial; border-image: initial; font-variant-numeric: normal; font-variant-east-asian: normal; font-variant-alternates: normal; font-size-adjust: none; font-kerning: auto; font-optical-sizing: auto; font-feature-settings: normal; font-variation-settings: normal; font-variant-position: normal; font-weight: 700; font-stretch: normal; font-size: 14px; line-height: 16px; font-family: Arimo, Arial; color: rgb(125, 116, 100); width: 110px;\"><a href=\"https://www.gsmarena.com/glossary.php3?term=dynamic-memory\" style=\"margin: 0px; padding: 0px; border-style: initial; border-color: initial; border-image: initial; font: inherit; vertical-align: baseline; color: rgb(85, 85, 85);\">Internal</a></td><td class=\"nfo\" data-spec=\"internalmemory\" style=\"margin: 0px; padding: 2px 10px; border-bottom-width: 1px; border-top-style: initial; border-right-style: initial; border-left-style: initial; border-top-color: initial; border-right-color: initial; border-bottom-color: rgb(240, 240, 240); border-left-color: initial; border-image: initial; font-variant-numeric: normal; font-variant-east-asian: normal; font-variant-alternates: normal; font-size-adjust: none; font-kerning: auto; font-optical-sizing: auto; font-feature-settings: normal; font-variation-settings: normal; font-variant-position: normal; font-stretch: normal; font-size: 14px; line-height: 16px; font-family: Arimo, Arial; position: relative;\">128GB 6GB RAM, 256GB 6GB RAM, 512GB 6GB RAM</td></tr><tr style=\"margin: 0px; padding: 0px; border-style: initial; border-color: initial; border-image: initial; font: inherit; vertical-align: baseline;\"><td class=\"ttl\" style=\"margin: 0px; padding: 2px 10px; border-bottom: medium none; border-top-style: initial; border-right-style: initial; border-left-style: initial; border-top-color: initial; border-right-color: initial; border-left-color: initial; border-image: initial; font-variant-numeric: normal; font-variant-east-asian: normal; font-variant-alternates: normal; font-size-adjust: none; font-kerning: auto; font-optical-sizing: auto; font-feature-settings: normal; font-variation-settings: normal; font-variant-position: normal; font-weight: 700; font-stretch: normal; font-size: 14px; line-height: 16px; font-family: Arimo, Arial; color: rgb(125, 116, 100); width: 110px;\">&nbsp;</td><td class=\"nfo\" data-spec=\"memoryother\" style=\"margin: 0px; padding: 2px 10px; border-bottom: medium none; border-top-style: initial; border-right-style: initial; border-left-style: initial; border-top-color: initial; border-right-color: initial; border-left-color: initial; border-image: initial; font-variant-numeric: normal; font-variant-east-asian: normal; font-variant-alternates: normal; font-size-adjust: none; font-kerning: auto; font-optical-sizing: auto; font-feature-settings: normal; font-variation-settings: normal; font-variant-position: normal; font-stretch: normal; font-size: 14px; line-height: 16px; font-family: Arimo, Arial; position: relative;\">NVMe</td></tr></tbody></table><table cellspacing=\"0\" style=\"margin: 0px; padding: 1px 0px; border-top-width: 5px; border-right-style: initial; border-bottom-style: initial; border-left-style: initial; border-top-color: rgb(238, 238, 238); border-right-color: initial; border-bottom-color: initial; border-left-color: initial; border-image: initial; font-variant-numeric: inherit; font-variant-east-asian: inherit; font-variant-alternates: inherit; font-variant-position: inherit; font-stretch: inherit; line-height: inherit; font-family: Arimo, Arial, sans-serif; font-optical-sizing: inherit; font-size-adjust: inherit; font-kerning: inherit; font-feature-settings: inherit; font-variation-settings: inherit; vertical-align: baseline; width: 727px; background-color: rgb(250, 250, 250); border-spacing: 0px; color: rgb(0, 0, 0);\"><tbody style=\"margin: 0px; padding: 0px; border-style: initial; border-color: initial; border-image: initial; font: inherit; vertical-align: baseline;\"><tr style=\"margin: 0px; padding: 0px; border-style: initial; border-color: initial; border-image: initial; font: inherit; vertical-align: baseline;\"><th rowspan=\"4\" scope=\"row\" class=\"small-line-height\" style=\"margin: 0px; padding: 2px 10px; border-right: medium none; border-top-style: initial; border-bottom-style: initial; border-left-style: initial; border-top-color: initial; border-bottom-color: initial; border-left-color: initial; border-image: initial; font-variant-numeric: normal; font-variant-east-asian: normal; font-variant-alternates: normal; font-size-adjust: none; font-kerning: auto; font-optical-sizing: auto; font-feature-settings: normal; font-variation-settings: normal; font-variant-position: normal; font-weight: normal; font-stretch: normal; line-height: 18px; font-family: Google-Oswald, Arial; text-transform: uppercase; width: 86px; color: rgb(213, 0, 0);\">Main Camera</th><td class=\"ttl\" style=\"margin: 0px; padding: 2px 10px; border-bottom-width: 1px; border-top-style: initial; border-right-style: initial; border-left-style: initial; border-top-color: initial; border-right-color: initial; border-bottom-color: rgb(240, 240, 240); border-left-color: initial; border-image: initial; font-variant-numeric: normal; font-variant-east-asian: normal; font-variant-alternates: normal; font-size-adjust: none; font-kerning: auto; font-optical-sizing: auto; font-feature-settings: normal; font-variation-settings: normal; font-variant-position: normal; font-weight: 700; font-stretch: normal; font-size: 14px; line-height: 16px; font-family: Arimo, Arial; color: rgb(125, 116, 100); width: 110px;\"><a href=\"https://www.gsmarena.com/glossary.php3?term=camera\" style=\"margin: 0px; padding: 0px; border-style: initial; border-color: initial; border-image: initial; font: inherit; vertical-align: baseline; color: rgb(85, 85, 85);\">Dual</a></td><td class=\"nfo\" data-spec=\"cam1modules\" style=\"margin: 0px; padding: 2px 10px; border-bottom-width: 1px; border-top-style: initial; border-right-style: initial; border-left-style: initial; border-top-color: initial; border-right-color: initial; border-bottom-color: rgb(240, 240, 240); border-left-color: initial; border-image: initial; font-variant-numeric: normal; font-variant-east-asian: normal; font-variant-alternates: normal; font-size-adjust: none; font-kerning: auto; font-optical-sizing: auto; font-feature-settings: normal; font-variation-settings: normal; font-variant-position: normal; font-stretch: normal; font-size: 14px; line-height: 16px; font-family: Arimo, Arial; position: relative;\">48 MP, f/1.6, 26mm (wide), 1/1.56\", 1.0µm, dual pixel PDAF, sensor-shift OIS<br style=\"content: &quot;&quot;; display: block; width: calc(100% + 20px); position: relative; left: -10px; border-top-width: 1px; border-top-color: rgb(240, 240, 240); margin: 2px 0px; line-height: 23px;\">12 MP, f/2.4, 13mm, 120˚ (ultrawide)</td></tr><tr style=\"margin: 0px; padding: 0px; border-style: initial; border-color: initial; border-image: initial; font: inherit; vertical-align: baseline;\"><td class=\"ttl\" style=\"margin: 0px; padding: 2px 10px; border-bottom-width: 1px; border-top-style: initial; border-right-style: initial; border-left-style: initial; border-top-color: initial; border-right-color: initial; border-bottom-color: rgb(240, 240, 240); border-left-color: initial; border-image: initial; font-variant-numeric: normal; font-variant-east-asian: normal; font-variant-alternates: normal; font-size-adjust: none; font-kerning: auto; font-optical-sizing: auto; font-feature-settings: normal; font-variation-settings: normal; font-variant-position: normal; font-weight: 700; font-stretch: normal; font-size: 14px; line-height: 16px; font-family: Arimo, Arial; color: rgb(125, 116, 100); width: 110px;\"><a href=\"https://www.gsmarena.com/glossary.php3?term=camera\" style=\"margin: 0px; padding: 0px; border-style: initial; border-color: initial; border-image: initial; font: inherit; vertical-align: baseline; color: rgb(85, 85, 85);\">Features</a></td><td class=\"nfo\" data-spec=\"cam1features\" style=\"margin: 0px; padding: 2px 10px; border-bottom-width: 1px; border-top-style: initial; border-right-style: initial; border-left-style: initial; border-top-color: initial; border-right-color: initial; border-bottom-color: rgb(240, 240, 240); border-left-color: initial; border-image: initial; font-variant-numeric: normal; font-variant-east-asian: normal; font-variant-alternates: normal; font-size-adjust: none; font-kerning: auto; font-optical-sizing: auto; font-feature-settings: normal; font-variation-settings: normal; font-variant-position: normal; font-stretch: normal; font-size: 14px; line-height: 16px; font-family: Arimo, Arial; position: relative;\">Dual-LED dual-tone flash, HDR (photo/panorama)</td></tr><tr style=\"margin: 0px; padding: 0px; border-style: initial; border-color: initial; border-image: initial; font: inherit; vertical-align: baseline;\"><td class=\"ttl\" style=\"margin: 0px; padding: 2px 10px; border-bottom: medium none; border-top-style: initial; border-right-style: initial; border-left-style: initial; border-top-color: initial; border-right-color: initial; border-left-color: initial; border-image: initial; font-variant-numeric: normal; font-variant-east-asian: normal; font-variant-alternates: normal; font-size-adjust: none; font-kerning: auto; font-optical-sizing: auto; font-feature-settings: normal; font-variation-settings: normal; font-variant-position: normal; font-weight: 700; font-stretch: normal; font-size: 14px; line-height: 16px; font-family: Arimo, Arial; color: rgb(125, 116, 100); width: 110px;\"><a href=\"https://www.gsmarena.com/glossary.php3?term=camera\" style=\"margin: 0px; padding: 0px; border-style: initial; border-color: initial; border-image: initial; font: inherit; vertical-align: baseline; color: rgb(85, 85, 85);\">Video</a></td><td class=\"nfo\" data-spec=\"cam1video\" style=\"margin: 0px; padding: 2px 10px; border-bottom: medium none; border-top-style: initial; border-right-style: initial; border-left-style: initial; border-top-color: initial; border-right-color: initial; border-left-color: initial; border-image: initial; font-variant-numeric: normal; font-variant-east-asian: normal; font-variant-alternates: normal; font-size-adjust: none; font-kerning: auto; font-optical-sizing: auto; font-feature-settings: normal; font-variation-settings: normal; font-variant-position: normal; font-stretch: normal; font-size: 14px; line-height: 16px; font-family: Arimo, Arial; position: relative;\">4K@24/25/30/60fps, 1080p@25/30/60/120/240fps, HDR, Dolby Vision HDR (up to 60fps), stereo sound rec.</td></tr></tbody></table><table cellspacing=\"0\" style=\"margin: 0px; padding: 1px 0px; border-top-width: 5px; border-right-style: initial; border-bottom-style: initial; border-left-style: initial; border-top-color: rgb(238, 238, 238); border-right-color: initial; border-bottom-color: initial; border-left-color: initial; border-image: initial; font-variant-numeric: inherit; font-variant-east-asian: inherit; font-variant-alternates: inherit; font-variant-position: inherit; font-stretch: inherit; line-height: inherit; font-family: Arimo, Arial, sans-serif; font-optical-sizing: inherit; font-size-adjust: inherit; font-kerning: inherit; font-feature-settings: inherit; font-variation-settings: inherit; vertical-align: baseline; width: 727px; background-color: rgb(250, 250, 250); border-spacing: 0px; color: rgb(0, 0, 0);\"><tbody style=\"margin: 0px; padding: 0px; border-style: initial; border-color: initial; border-image: initial; font: inherit; vertical-align: baseline;\"><tr style=\"margin: 0px; padding: 0px; border-style: initial; border-color: initial; border-image: initial; font: inherit; vertical-align: baseline;\"><th rowspan=\"4\" scope=\"row\" class=\"small-line-height\" style=\"margin: 0px; padding: 2px 10px; border-right: medium none; border-top-style: initial; border-bottom-style: initial; border-left-style: initial; border-top-color: initial; border-bottom-color: initial; border-left-color: initial; border-image: initial; font-variant-numeric: normal; font-variant-east-asian: normal; font-variant-alternates: normal; font-size-adjust: none; font-kerning: auto; font-optical-sizing: auto; font-feature-settings: normal; font-variation-settings: normal; font-variant-position: normal; font-weight: normal; font-stretch: normal; line-height: 18px; font-family: Google-Oswald, Arial; text-transform: uppercase; width: 86px; color: rgb(213, 0, 0);\">Selfie camera</th><td class=\"ttl\" style=\"margin: 0px; padding: 2px 10px; border-bottom-width: 1px; border-top-style: initial; border-right-style: initial; border-left-style: initial; border-top-color: initial; border-right-color: initial; border-bottom-color: rgb(240, 240, 240); border-left-color: initial; border-image: initial; font-variant-numeric: normal; font-variant-east-asian: normal; font-variant-alternates: normal; font-size-adjust: none; font-kerning: auto; font-optical-sizing: auto; font-feature-settings: normal; font-variation-settings: normal; font-variant-position: normal; font-weight: 700; font-stretch: normal; font-size: 14px; line-height: 16px; font-family: Arimo, Arial; color: rgb(125, 116, 100); width: 110px;\"><a href=\"https://www.gsmarena.com/glossary.php3?term=secondary-camera\" style=\"margin: 0px; padding: 0px; border-style: initial; border-color: initial; border-image: initial; font: inherit; vertical-align: baseline; color: rgb(85, 85, 85);\">Single</a></td><td class=\"nfo\" data-spec=\"cam2modules\" style=\"margin: 0px; padding: 2px 10px; border-bottom-width: 1px; border-top-style: initial; border-right-style: initial; border-left-style: initial; border-top-color: initial; border-right-color: initial; border-bottom-color: rgb(240, 240, 240); border-left-color: initial; border-image: initial; font-variant-numeric: normal; font-variant-east-asian: normal; font-variant-alternates: normal; font-size-adjust: none; font-kerning: auto; font-optical-sizing: auto; font-feature-settings: normal; font-variation-settings: normal; font-variant-position: normal; font-stretch: normal; font-size: 14px; line-height: 16px; font-family: Arimo, Arial; position: relative;\">12 MP, f/1.9, 23mm (wide), 1/3.6\", PDAF<br style=\"content: &quot;&quot;; display: block; width: calc(100% + 20px); position: relative; left: -10px; border-top-width: 1px; border-top-color: rgb(240, 240, 240); margin: 2px 0px; line-height: 23px;\">SL 3D, (depth/biometrics sensor)</td></tr><tr style=\"margin: 0px; padding: 0px; border-style: initial; border-color: initial; border-image: initial; font: inherit; vertical-align: baseline;\"><td class=\"ttl\" style=\"margin: 0px; padding: 2px 10px; border-bottom-width: 1px; border-top-style: initial; border-right-style: initial; border-left-style: initial; border-top-color: initial; border-right-color: initial; border-bottom-color: rgb(240, 240, 240); border-left-color: initial; border-image: initial; font-variant-numeric: normal; font-variant-east-asian: normal; font-variant-alternates: normal; font-size-adjust: none; font-kerning: auto; font-optical-sizing: auto; font-feature-settings: normal; font-variation-settings: normal; font-variant-position: normal; font-weight: 700; font-stretch: normal; font-size: 14px; line-height: 16px; font-family: Arimo, Arial; color: rgb(125, 116, 100); width: 110px;\"><a href=\"https://www.gsmarena.com/glossary.php3?term=secondary-camera\" style=\"margin: 0px; padding: 0px; border-style: initial; border-color: initial; border-image: initial; font: inherit; vertical-align: baseline; color: rgb(85, 85, 85);\">Features</a></td><td class=\"nfo\" data-spec=\"cam2features\" style=\"margin: 0px; padding: 2px 10px; border-bottom-width: 1px; border-top-style: initial; border-right-style: initial; border-left-style: initial; border-top-color: initial; border-right-color: initial; border-bottom-color: rgb(240, 240, 240); border-left-color: initial; border-image: initial; font-variant-numeric: normal; font-variant-east-asian: normal; font-variant-alternates: normal; font-size-adjust: none; font-kerning: auto; font-optical-sizing: auto; font-feature-settings: normal; font-variation-settings: normal; font-variant-position: normal; font-stretch: normal; font-size: 14px; line-height: 16px; font-family: Arimo, Arial; position: relative;\">HDR</td></tr><tr style=\"margin: 0px; padding: 0px; border-style: initial; border-color: initial; border-image: initial; font: inherit; vertical-align: baseline;\"><td class=\"ttl\" style=\"margin: 0px; padding: 2px 10px; border-bottom: medium none; border-top-style: initial; border-right-style: initial; border-left-style: initial; border-top-color: initial; border-right-color: initial; border-left-color: initial; border-image: initial; font-variant-numeric: normal; font-variant-east-asian: normal; font-variant-alternates: normal; font-size-adjust: none; font-kerning: auto; font-optical-sizing: auto; font-feature-settings: normal; font-variation-settings: normal; font-variant-position: normal; font-weight: 700; font-stretch: normal; font-size: 14px; line-height: 16px; font-family: Arimo, Arial; color: rgb(125, 116, 100); width: 110px;\"><a href=\"https://www.gsmarena.com/glossary.php3?term=secondary-camera\" style=\"margin: 0px; padding: 0px; border-style: initial; border-color: initial; border-image: initial; font: inherit; vertical-align: baseline; color: rgb(85, 85, 85);\">Video</a></td><td class=\"nfo\" data-spec=\"cam2video\" style=\"margin: 0px; padding: 2px 10px; border-bottom: medium none; border-top-style: initial; border-right-style: initial; border-left-style: initial; border-top-color: initial; border-right-color: initial; border-left-color: initial; border-image: initial; font-variant-numeric: normal; font-variant-east-asian: normal; font-variant-alternates: normal; font-size-adjust: none; font-kerning: auto; font-optical-sizing: auto; font-feature-settings: normal; font-variation-settings: normal; font-variant-position: normal; font-stretch: normal; font-size: 14px; line-height: 16px; font-family: Arimo, Arial; position: relative;\">4K@24/25/30/60fps, 1080p@25/30/60/120fps, gyro-EIS</td></tr></tbody></table><table cellspacing=\"0\" style=\"margin: 0px; padding: 1px 0px; border-top-width: 5px; border-right-style: initial; border-bottom-style: initial; border-left-style: initial; border-top-color: rgb(238, 238, 238); border-right-color: initial; border-bottom-color: initial; border-left-color: initial; border-image: initial; font-variant-numeric: inherit; font-variant-east-asian: inherit; font-variant-alternates: inherit; font-variant-position: inherit; font-stretch: inherit; line-height: inherit; font-family: Arimo, Arial, sans-serif; font-optical-sizing: inherit; font-size-adjust: inherit; font-kerning: inherit; font-feature-settings: inherit; font-variation-settings: inherit; vertical-align: baseline; width: 727px; background-color: rgb(250, 250, 250); border-spacing: 0px; color: rgb(0, 0, 0);\"><tbody style=\"margin: 0px; padding: 0px; border-style: initial; border-color: initial; border-image: initial; font: inherit; vertical-align: baseline;\"><tr style=\"margin: 0px; padding: 0px; border-style: initial; border-color: initial; border-image: initial; font: inherit; vertical-align: baseline;\"><th rowspan=\"3\" scope=\"row\" style=\"margin: 0px; padding: 2px 10px; border-right: medium none; border-top-style: initial; border-bottom-style: initial; border-left-style: initial; border-top-color: initial; border-bottom-color: initial; border-left-color: initial; border-image: initial; font-variant-numeric: normal; font-variant-east-asian: normal; font-variant-alternates: normal; font-size-adjust: none; font-kerning: auto; font-optical-sizing: auto; font-feature-settings: normal; font-variation-settings: normal; font-variant-position: normal; font-weight: normal; font-stretch: normal; line-height: normal; font-family: Google-Oswald, Arial; text-transform: uppercase; width: 86px; color: rgb(213, 0, 0);\">Sound</th><td class=\"ttl\" style=\"margin: 0px; padding: 2px 10px; border-bottom-width: 1px; border-top-style: initial; border-right-style: initial; border-left-style: initial; border-top-color: initial; border-right-color: initial; border-bottom-color: rgb(240, 240, 240); border-left-color: initial; border-image: initial; font-variant-numeric: normal; font-variant-east-asian: normal; font-variant-alternates: normal; font-size-adjust: none; font-kerning: auto; font-optical-sizing: auto; font-feature-settings: normal; font-variation-settings: normal; font-variant-position: normal; font-weight: 700; font-stretch: normal; font-size: 14px; line-height: 16px; font-family: Arimo, Arial; color: rgb(125, 116, 100); width: 110px;\"><a href=\"https://www.gsmarena.com/glossary.php3?term=loudspeaker\" style=\"margin: 0px; padding: 0px; border-style: initial; border-color: initial; border-image: initial; font: inherit; vertical-align: baseline; color: rgb(85, 85, 85);\">Loudspeaker</a></td><td class=\"nfo\" style=\"margin: 0px; padding: 2px 10px; border-bottom-width: 1px; border-top-style: initial; border-right-style: initial; border-left-style: initial; border-top-color: initial; border-right-color: initial; border-bottom-color: rgb(240, 240, 240); border-left-color: initial; border-image: initial; font-variant-numeric: normal; font-variant-east-asian: normal; font-variant-alternates: normal; font-size-adjust: none; font-kerning: auto; font-optical-sizing: auto; font-feature-settings: normal; font-variation-settings: normal; font-variant-position: normal; font-stretch: normal; font-size: 14px; line-height: 16px; font-family: Arimo, Arial; position: relative;\">Yes, with stereo speakers</td></tr><tr style=\"margin: 0px; padding: 0px; border-style: initial; border-color: initial; border-image: initial; font: inherit; vertical-align: baseline;\"><td class=\"ttl\" style=\"margin: 0px; padding: 2px 10px; border-bottom: medium none; border-top-style: initial; border-right-style: initial; border-left-style: initial; border-top-color: initial; border-right-color: initial; border-left-color: initial; border-image: initial; font-variant-numeric: normal; font-variant-east-asian: normal; font-variant-alternates: normal; font-size-adjust: none; font-kerning: auto; font-optical-sizing: auto; font-feature-settings: normal; font-variation-settings: normal; font-variant-position: normal; font-weight: 700; font-stretch: normal; font-size: 14px; line-height: 16px; font-family: Arimo, Arial; color: rgb(125, 116, 100); width: 110px;\"><a href=\"https://www.gsmarena.com/glossary.php3?term=audio-jack\" style=\"margin: 0px; padding: 0px; border-style: initial; border-color: initial; border-image: initial; font: inherit; vertical-align: baseline; color: rgb(85, 85, 85);\">3.5mm jack</a></td><td class=\"nfo\" style=\"margin: 0px; padding: 2px 10px; border-bottom: medium none; border-top-style: initial; border-right-style: initial; border-left-style: initial; border-top-color: initial; border-right-color: initial; border-left-color: initial; border-image: initial; font-variant-numeric: normal; font-variant-east-asian: normal; font-variant-alternates: normal; font-size-adjust: none; font-kerning: auto; font-optical-sizing: auto; font-feature-settings: normal; font-variation-settings: normal; font-variant-position: normal; font-stretch: normal; font-size: 14px; line-height: 16px; font-family: Arimo, Arial; position: relative;\">No</td></tr></tbody></table><table cellspacing=\"0\" style=\"margin: 0px; padding: 1px 0px; border-top-width: 5px; border-right-style: initial; border-bottom-style: initial; border-left-style: initial; border-top-color: rgb(238, 238, 238); border-right-color: initial; border-bottom-color: initial; border-left-color: initial; border-image: initial; font-variant-numeric: inherit; font-variant-east-asian: inherit; font-variant-alternates: inherit; font-variant-position: inherit; font-stretch: inherit; line-height: inherit; font-family: Arimo, Arial, sans-serif; font-optical-sizing: inherit; font-size-adjust: inherit; font-kerning: inherit; font-feature-settings: inherit; font-variation-settings: inherit; vertical-align: baseline; width: 727px; background-color: rgb(250, 250, 250); border-spacing: 0px; color: rgb(0, 0, 0);\"><tbody style=\"margin: 0px; padding: 0px; border-style: initial; border-color: initial; border-image: initial; font: inherit; vertical-align: baseline;\"><tr style=\"margin: 0px; padding: 0px; border-style: initial; border-color: initial; border-image: initial; font: inherit; vertical-align: baseline;\"><th rowspan=\"9\" scope=\"row\" style=\"margin: 0px; padding: 2px 10px; border-right: medium none; border-top-style: initial; border-bottom-style: initial; border-left-style: initial; border-top-color: initial; border-bottom-color: initial; border-left-color: initial; border-image: initial; font-variant-numeric: normal; font-variant-east-asian: normal; font-variant-alternates: normal; font-size-adjust: none; font-kerning: auto; font-optical-sizing: auto; font-feature-settings: normal; font-variation-settings: normal; font-variant-position: normal; font-weight: normal; font-stretch: normal; line-height: normal; font-family: Google-Oswald, Arial; text-transform: uppercase; width: 86px; color: rgb(213, 0, 0);\">Comms</th><td class=\"ttl\" style=\"margin: 0px; padding: 2px 10px; border-bottom-width: 1px; border-top-style: initial; border-right-style: initial; border-left-style: initial; border-top-color: initial; border-right-color: initial; border-bottom-color: rgb(240, 240, 240); border-left-color: initial; border-image: initial; font-variant-numeric: normal; font-variant-east-asian: normal; font-variant-alternates: normal; font-size-adjust: none; font-kerning: auto; font-optical-sizing: auto; font-feature-settings: normal; font-variation-settings: normal; font-variant-position: normal; font-weight: 700; font-stretch: normal; font-size: 14px; line-height: 16px; font-family: Arimo, Arial; color: rgb(125, 116, 100); width: 110px;\"><a href=\"https://www.gsmarena.com/glossary.php3?term=wi-fi\" style=\"margin: 0px; padding: 0px; border-style: initial; border-color: initial; border-image: initial; font: inherit; vertical-align: baseline; color: rgb(85, 85, 85);\">WLAN</a></td><td class=\"nfo\" data-spec=\"wlan\" style=\"margin: 0px; padding: 2px 10px; border-bottom-width: 1px; border-top-style: initial; border-right-style: initial; border-left-style: initial; border-top-color: initial; border-right-color: initial; border-bottom-color: rgb(240, 240, 240); border-left-color: initial; border-image: initial; font-variant-numeric: normal; font-variant-east-asian: normal; font-variant-alternates: normal; font-size-adjust: none; font-kerning: auto; font-optical-sizing: auto; font-feature-settings: normal; font-variation-settings: normal; font-variant-position: normal; font-stretch: normal; font-size: 14px; line-height: 16px; font-family: Arimo, Arial; position: relative;\">Wi-Fi 802.11 a/b/g/n/ac/6, dual-band, hotspot</td></tr><tr style=\"margin: 0px; padding: 0px; border-style: initial; border-color: initial; border-image: initial; font: inherit; vertical-align: baseline;\"><td class=\"ttl\" style=\"margin: 0px; padding: 2px 10px; border-bottom-width: 1px; border-top-style: initial; border-right-style: initial; border-left-style: initial; border-top-color: initial; border-right-color: initial; border-bottom-color: rgb(240, 240, 240); border-left-color: initial; border-image: initial; font-variant-numeric: normal; font-variant-east-asian: normal; font-variant-alternates: normal; font-size-adjust: none; font-kerning: auto; font-optical-sizing: auto; font-feature-settings: normal; font-variation-settings: normal; font-variant-position: normal; font-weight: 700; font-stretch: normal; font-size: 14px; line-height: 16px; font-family: Arimo, Arial; color: rgb(125, 116, 100); width: 110px;\"><a href=\"https://www.gsmarena.com/glossary.php3?term=bluetooth\" style=\"margin: 0px; padding: 0px; border-style: initial; border-color: initial; border-image: initial; font: inherit; vertical-align: baseline; color: rgb(85, 85, 85);\">Bluetooth</a></td><td class=\"nfo\" data-spec=\"bluetooth\" style=\"margin: 0px; padding: 2px 10px; border-bottom-width: 1px; border-top-style: initial; border-right-style: initial; border-left-style: initial; border-top-color: initial; border-right-color: initial; border-bottom-color: rgb(240, 240, 240); border-left-color: initial; border-image: initial; font-variant-numeric: normal; font-variant-east-asian: normal; font-variant-alternates: normal; font-size-adjust: none; font-kerning: auto; font-optical-sizing: auto; font-feature-settings: normal; font-variation-settings: normal; font-variant-position: normal; font-stretch: normal; font-size: 14px; line-height: 16px; font-family: Arimo, Arial; position: relative;\">5.3, A2DP, LE</td></tr><tr style=\"margin: 0px; padding: 0px; border-style: initial; border-color: initial; border-image: initial; font: inherit; vertical-align: baseline;\"><td class=\"ttl\" style=\"margin: 0px; padding: 2px 10px; border-bottom-width: 1px; border-top-style: initial; border-right-style: initial; border-left-style: initial; border-top-color: initial; border-right-color: initial; border-bottom-color: rgb(240, 240, 240); border-left-color: initial; border-image: initial; font-variant-numeric: normal; font-variant-east-asian: normal; font-variant-alternates: normal; font-size-adjust: none; font-kerning: auto; font-optical-sizing: auto; font-feature-settings: normal; font-variation-settings: normal; font-variant-position: normal; font-weight: 700; font-stretch: normal; font-size: 14px; line-height: 16px; font-family: Arimo, Arial; color: rgb(125, 116, 100); width: 110px;\"><a href=\"https://www.gsmarena.com/glossary.php3?term=gnss\" style=\"margin: 0px; padding: 0px; border-style: initial; border-color: initial; border-image: initial; font: inherit; vertical-align: baseline; color: rgb(85, 85, 85);\">Positioning</a></td><td class=\"nfo\" data-spec=\"gps\" style=\"margin: 0px; padding: 2px 10px; border-bottom-width: 1px; border-top-style: initial; border-right-style: initial; border-left-style: initial; border-top-color: initial; border-right-color: initial; border-bottom-color: rgb(240, 240, 240); border-left-color: initial; border-image: initial; font-variant-numeric: normal; font-variant-east-asian: normal; font-variant-alternates: normal; font-size-adjust: none; font-kerning: auto; font-optical-sizing: auto; font-feature-settings: normal; font-variation-settings: normal; font-variant-position: normal; font-stretch: normal; font-size: 14px; line-height: 16px; font-family: Arimo, Arial; position: relative;\">GPS, GLONASS, GALILEO, BDS, QZSS</td></tr><tr style=\"margin: 0px; padding: 0px; border-style: initial; border-color: initial; border-image: initial; font: inherit; vertical-align: baseline;\"><td class=\"ttl\" style=\"margin: 0px; padding: 2px 10px; border-bottom-width: 1px; border-top-style: initial; border-right-style: initial; border-left-style: initial; border-top-color: initial; border-right-color: initial; border-bottom-color: rgb(240, 240, 240); border-left-color: initial; border-image: initial; font-variant-numeric: normal; font-variant-east-asian: normal; font-variant-alternates: normal; font-size-adjust: none; font-kerning: auto; font-optical-sizing: auto; font-feature-settings: normal; font-variation-settings: normal; font-variant-position: normal; font-weight: 700; font-stretch: normal; font-size: 14px; line-height: 16px; font-family: Arimo, Arial; color: rgb(125, 116, 100); width: 110px;\"><a href=\"https://www.gsmarena.com/glossary.php3?term=nfc\" style=\"margin: 0px; padding: 0px; border-style: initial; border-color: initial; border-image: initial; font: inherit; vertical-align: baseline; color: rgb(85, 85, 85);\">NFC</a></td><td class=\"nfo\" data-spec=\"nfc\" style=\"margin: 0px; padding: 2px 10px; border-bottom-width: 1px; border-top-style: initial; border-right-style: initial; border-left-style: initial; border-top-color: initial; border-right-color: initial; border-bottom-color: rgb(240, 240, 240); border-left-color: initial; border-image: initial; font-variant-numeric: normal; font-variant-east-asian: normal; font-variant-alternates: normal; font-size-adjust: none; font-kerning: auto; font-optical-sizing: auto; font-feature-settings: normal; font-variation-settings: normal; font-variant-position: normal; font-stretch: normal; font-size: 14px; line-height: 16px; font-family: Arimo, Arial; position: relative;\">Yes</td></tr><tr style=\"margin: 0px; padding: 0px; border-style: initial; border-color: initial; border-image: initial; font: inherit; vertical-align: baseline;\"><td class=\"ttl\" style=\"margin: 0px; padding: 2px 10px; border-bottom-width: 1px; border-top-style: initial; border-right-style: initial; border-left-style: initial; border-top-color: initial; border-right-color: initial; border-bottom-color: rgb(240, 240, 240); border-left-color: initial; border-image: initial; font-variant-numeric: normal; font-variant-east-asian: normal; font-variant-alternates: normal; font-size-adjust: none; font-kerning: auto; font-optical-sizing: auto; font-feature-settings: normal; font-variation-settings: normal; font-variant-position: normal; font-weight: 700; font-stretch: normal; font-size: 14px; line-height: 16px; font-family: Arimo, Arial; color: rgb(125, 116, 100); width: 110px;\"><a href=\"https://www.gsmarena.com/glossary.php3?term=fm-radio\" style=\"margin: 0px; padding: 0px; border-style: initial; border-color: initial; border-image: initial; font: inherit; vertical-align: baseline; color: rgb(85, 85, 85);\">Radio</a></td><td class=\"nfo\" data-spec=\"radio\" style=\"margin: 0px; padding: 2px 10px; border-bottom-width: 1px; border-top-style: initial; border-right-style: initial; border-left-style: initial; border-top-color: initial; border-right-color: initial; border-bottom-color: rgb(240, 240, 240); border-left-color: initial; border-image: initial; font-variant-numeric: normal; font-variant-east-asian: normal; font-variant-alternates: normal; font-size-adjust: none; font-kerning: auto; font-optical-sizing: auto; font-feature-settings: normal; font-variation-settings: normal; font-variant-position: normal; font-stretch: normal; font-size: 14px; line-height: 16px; font-family: Arimo, Arial; position: relative;\">No</td></tr><tr style=\"margin: 0px; padding: 0px; border-style: initial; border-color: initial; border-image: initial; font: inherit; vertical-align: baseline;\"><td class=\"ttl\" style=\"margin: 0px; padding: 2px 10px; border-bottom: medium none; border-top-style: initial; border-right-style: initial; border-left-style: initial; border-top-color: initial; border-right-color: initial; border-left-color: initial; border-image: initial; font-variant-numeric: normal; font-variant-east-asian: normal; font-variant-alternates: normal; font-size-adjust: none; font-kerning: auto; font-optical-sizing: auto; font-feature-settings: normal; font-variation-settings: normal; font-variant-position: normal; font-weight: 700; font-stretch: normal; font-size: 14px; line-height: 16px; font-family: Arimo, Arial; color: rgb(125, 116, 100); width: 110px;\"><a href=\"https://www.gsmarena.com/glossary.php3?term=usb\" style=\"margin: 0px; padding: 0px; border-style: initial; border-color: initial; border-image: initial; font: inherit; vertical-align: baseline; color: rgb(85, 85, 85);\">USB</a></td><td class=\"nfo\" data-spec=\"usb\" style=\"margin: 0px; padding: 2px 10px; border-bottom: medium none; border-top-style: initial; border-right-style: initial; border-left-style: initial; border-top-color: initial; border-right-color: initial; border-left-color: initial; border-image: initial; font-variant-numeric: normal; font-variant-east-asian: normal; font-variant-alternates: normal; font-size-adjust: none; font-kerning: auto; font-optical-sizing: auto; font-feature-settings: normal; font-variation-settings: normal; font-variant-position: normal; font-stretch: normal; font-size: 14px; line-height: 16px; font-family: Arimo, Arial; position: relative;\">USB Type-C 2.0, DisplayPort</td></tr></tbody></table><table cellspacing=\"0\" style=\"margin: 0px; padding: 1px 0px; border-top-width: 5px; border-right-style: initial; border-bottom-style: initial; border-left-style: initial; border-top-color: rgb(238, 238, 238); border-right-color: initial; border-bottom-color: initial; border-left-color: initial; border-image: initial; font-variant-numeric: inherit; font-variant-east-asian: inherit; font-variant-alternates: inherit; font-variant-position: inherit; font-stretch: inherit; line-height: inherit; font-family: Arimo, Arial, sans-serif; font-optical-sizing: inherit; font-size-adjust: inherit; font-kerning: inherit; font-feature-settings: inherit; font-variation-settings: inherit; vertical-align: baseline; width: 727px; background-color: rgb(250, 250, 250); border-spacing: 0px; color: rgb(0, 0, 0);\"><tbody style=\"margin: 0px; padding: 0px; border-style: initial; border-color: initial; border-image: initial; font: inherit; vertical-align: baseline;\"><tr style=\"margin: 0px; padding: 0px; border-style: initial; border-color: initial; border-image: initial; font: inherit; vertical-align: baseline;\"><th rowspan=\"9\" scope=\"row\" style=\"margin: 0px; padding: 2px 10px; border-right: medium none; border-top-style: initial; border-bottom-style: initial; border-left-style: initial; border-top-color: initial; border-bottom-color: initial; border-left-color: initial; border-image: initial; font-variant-numeric: normal; font-variant-east-asian: normal; font-variant-alternates: normal; font-size-adjust: none; font-kerning: auto; font-optical-sizing: auto; font-feature-settings: normal; font-variation-settings: normal; font-variant-position: normal; font-weight: normal; font-stretch: normal; line-height: normal; font-family: Google-Oswald, Arial; text-transform: uppercase; width: 86px; color: rgb(213, 0, 0);\">Features</th><td class=\"ttl\" style=\"margin: 0px; padding: 2px 10px; border-bottom-width: 1px; border-top-style: initial; border-right-style: initial; border-left-style: initial; border-top-color: initial; border-right-color: initial; border-bottom-color: rgb(240, 240, 240); border-left-color: initial; border-image: initial; font-variant-numeric: normal; font-variant-east-asian: normal; font-variant-alternates: normal; font-size-adjust: none; font-kerning: auto; font-optical-sizing: auto; font-feature-settings: normal; font-variation-settings: normal; font-variant-position: normal; font-weight: 700; font-stretch: normal; font-size: 14px; line-height: 16px; font-family: Arimo, Arial; color: rgb(125, 116, 100); width: 110px;\"><a href=\"https://www.gsmarena.com/glossary.php3?term=sensors\" style=\"margin: 0px; padding: 0px; border-style: initial; border-color: initial; border-image: initial; font: inherit; vertical-align: baseline; color: rgb(85, 85, 85);\">Sensors</a></td><td class=\"nfo\" data-spec=\"sensors\" style=\"margin: 0px; padding: 2px 10px; border-bottom-width: 1px; border-top-style: initial; border-right-style: initial; border-left-style: initial; border-top-color: initial; border-right-color: initial; border-bottom-color: rgb(240, 240, 240); border-left-color: initial; border-image: initial; font-variant-numeric: normal; font-variant-east-asian: normal; font-variant-alternates: normal; font-size-adjust: none; font-kerning: auto; font-optical-sizing: auto; font-feature-settings: normal; font-variation-settings: normal; font-variant-position: normal; font-stretch: normal; font-size: 14px; line-height: 16px; font-family: Arimo, Arial; position: relative;\">Face ID, accelerometer, gyro, proximity, compass, barometer</td></tr><tr style=\"margin: 0px; padding: 0px; border-style: initial; border-color: initial; border-image: initial; font: inherit; vertical-align: baseline;\"><td class=\"ttl\" style=\"margin: 0px; padding: 2px 10px; border-bottom: medium none; border-top-style: initial; border-right-style: initial; border-left-style: initial; border-top-color: initial; border-right-color: initial; border-left-color: initial; border-image: initial; font-variant-numeric: normal; font-variant-east-asian: normal; font-variant-alternates: normal; font-size-adjust: none; font-kerning: auto; font-optical-sizing: auto; font-feature-settings: normal; font-variation-settings: normal; font-variant-position: normal; font-weight: 700; font-stretch: normal; font-size: 14px; line-height: 16px; font-family: Arimo, Arial; color: rgb(125, 116, 100); width: 110px;\">&nbsp;</td><td class=\"nfo\" data-spec=\"featuresother\" style=\"margin: 0px; padding: 2px 10px; border-bottom: medium none; border-top-style: initial; border-right-style: initial; border-left-style: initial; border-top-color: initial; border-right-color: initial; border-left-color: initial; border-image: initial; font-variant-numeric: normal; font-variant-east-asian: normal; font-variant-alternates: normal; font-size-adjust: none; font-kerning: auto; font-optical-sizing: auto; font-feature-settings: normal; font-variation-settings: normal; font-variant-position: normal; font-stretch: normal; font-size: 14px; line-height: 16px; font-family: Arimo, Arial; position: relative;\">Ultra Wideband (UWB) support (gen2 chip)<br style=\"content: &quot;&quot;; display: block; width: calc(100% + 20px); position: relative; left: -10px; border-top-width: 1px; border-top-color: rgb(240, 240, 240); margin: 2px 0px; line-height: 23px;\">Emergency SOS via satellite (SMS sending/receiving)</td></tr></tbody></table>', '2024-08-27-66cd9d2eaad71.png', 105000, 10000, NULL, 'on', 1, '2024-08-27 03:32:30', '2024-08-27 03:32:30');

-- --------------------------------------------------------

--
-- Table structure for table `reviews`
--

CREATE TABLE `reviews` (
  `id` bigint UNSIGNED NOT NULL,
  `product_id` int NOT NULL,
  `customer_name` varchar(255) COLLATE utf8mb4_unicode_ci NOT NULL,
  `customer_email` varchar(255) COLLATE utf8mb4_unicode_ci NOT NULL,
  `description` varchar(255) COLLATE utf8mb4_unicode_ci DEFAULT NULL,
  `review` int NOT NULL,
  `created_at` timestamp NULL DEFAULT NULL,
  `updated_at` timestamp NULL DEFAULT NULL
) ENGINE=InnoDB DEFAULT CHARSET=utf8mb4 COLLATE=utf8mb4_unicode_ci;

-- --------------------------------------------------------

--
-- Table structure for table `site_settings`
--

CREATE TABLE `site_settings` (
  `id` bigint UNSIGNED NOT NULL,
  `logo` varchar(255) COLLATE utf8mb4_unicode_ci NOT NULL,
  `description` text COLLATE utf8mb4_unicode_ci,
  `address` text COLLATE utf8mb4_unicode_ci,
  `phone` int DEFAULT NULL,
  `alt_phone` int DEFAULT NULL,
  `email` varchar(255) COLLATE utf8mb4_unicode_ci DEFAULT NULL,
  `copyright` varchar(255) COLLATE utf8mb4_unicode_ci DEFAULT NULL,
  `madeby` varchar(255) COLLATE utf8mb4_unicode_ci DEFAULT NULL,
  `created_at` timestamp NULL DEFAULT NULL,
  `updated_at` timestamp NULL DEFAULT NULL
) ENGINE=InnoDB DEFAULT CHARSET=utf8mb4 COLLATE=utf8mb4_unicode_ci;

-- --------------------------------------------------------

--
-- Table structure for table `sliders`
--

CREATE TABLE `sliders` (
  `id` bigint UNSIGNED NOT NULL,
  `name` varchar(255) COLLATE utf8mb4_unicode_ci NOT NULL,
  `discount` int DEFAULT NULL,
  `image` varchar(255) COLLATE utf8mb4_unicode_ci DEFAULT NULL,
  `status` tinyint(1) NOT NULL DEFAULT '1',
  `created_at` timestamp NULL DEFAULT NULL,
  `updated_at` timestamp NULL DEFAULT NULL
) ENGINE=InnoDB DEFAULT CHARSET=utf8mb4 COLLATE=utf8mb4_unicode_ci;

--
-- Dumping data for table `sliders`
--

INSERT INTO `sliders` (`id`, `name`, `discount`, `image`, `status`, `created_at`, `updated_at`) VALUES
(1, 'Slider 1', 20, '2024-08-27-66cd992f6c9ef.jpg', 1, '2024-08-27 02:35:12', '2024-08-27 03:15:27'),
(2, 'Slider 2', 25, '2024-08-27-66cd991e96adc.jpg', 1, '2024-08-27 02:35:42', '2024-08-27 03:15:10'),
(3, 'Slider 3', 50, '2024-08-27-66cd99546be42.jpg', 1, '2024-08-27 02:36:17', '2024-08-27 03:16:04');

-- --------------------------------------------------------

--
-- Table structure for table `sub_categories`
--

CREATE TABLE `sub_categories` (
  `id` bigint UNSIGNED NOT NULL,
  `name` varchar(255) COLLATE utf8mb4_unicode_ci DEFAULT NULL,
  `category_id` int NOT NULL,
  `description` text COLLATE utf8mb4_unicode_ci,
  `image` varchar(255) COLLATE utf8mb4_unicode_ci DEFAULT NULL,
  `created_at` timestamp NULL DEFAULT NULL,
  `updated_at` timestamp NULL DEFAULT NULL
) ENGINE=InnoDB DEFAULT CHARSET=utf8mb4 COLLATE=utf8mb4_unicode_ci;

--
-- Dumping data for table `sub_categories`
--

INSERT INTO `sub_categories` (`id`, `name`, `category_id`, `description`, `image`, `created_at`, `updated_at`) VALUES
(1, 'Smatphone', 1, 'Smartphone 1', '2024-08-27-66cd8ee83322d.png', '2024-08-27 02:31:36', '2024-08-27 02:31:36'),
(2, 'Button Phone', 1, 'Button phone', '2024-08-27-66cd8f0eec52b.png', '2024-08-27 02:32:14', '2024-08-27 02:32:14'),
(3, 'Digital Camera', 2, 'Digital camera', '2024-08-27-66cd8f3194370.png', '2024-08-27 02:32:49', '2024-08-27 02:32:49'),
(4, 'Video Camera', 2, 'Video camera', '2024-08-27-66cd8f45d9e1e.png', '2024-08-27 02:33:09', '2024-08-27 02:33:09'),
(5, 'Laptop', 3, 'Laptop', '2024-08-27-66cd8f60b95b6.png', '2024-08-27 02:33:36', '2024-08-27 02:33:36'),
(6, 'Desktop', 3, 'Desktop', '2024-08-27-66cd8f85e2610.png', '2024-08-27 02:34:13', '2024-08-27 02:34:13');

-- --------------------------------------------------------

--
-- Table structure for table `users`
--

CREATE TABLE `users` (
  `id` bigint UNSIGNED NOT NULL,
  `name` varchar(255) COLLATE utf8mb4_unicode_ci NOT NULL,
  `username` varchar(255) COLLATE utf8mb4_unicode_ci NOT NULL,
  `email` varchar(255) COLLATE utf8mb4_unicode_ci NOT NULL,
  `email_verified_at` timestamp NULL DEFAULT NULL,
  `password` varchar(255) COLLATE utf8mb4_unicode_ci NOT NULL,
  `image` varchar(255) CHARACTER SET utf8mb4 COLLATE utf8mb4_unicode_ci DEFAULT NULL,
  `remember_token` varchar(100) COLLATE utf8mb4_unicode_ci DEFAULT NULL,
  `created_at` timestamp NULL DEFAULT NULL,
  `updated_at` timestamp NULL DEFAULT NULL
) ENGINE=InnoDB DEFAULT CHARSET=utf8mb4 COLLATE=utf8mb4_unicode_ci;

--
-- Dumping data for table `users`
--

INSERT INTO `users` (`id`, `name`, `username`, `email`, `email_verified_at`, `password`, `image`, `remember_token`, `created_at`, `updated_at`) VALUES
(2, 'user', 'user', 'user@gmail.com', NULL, '$2y$10$WiGtmyRTCYPW4meOOYc5HeviFJh/MCZybBPfp4Ay6e2/J.ladcGR6', NULL, NULL, NULL, NULL);

--
-- Indexes for dumped tables
--

--
-- Indexes for table `aboutuses`
--
ALTER TABLE `aboutuses`
  ADD PRIMARY KEY (`id`);

--
-- Indexes for table `admins`
--
ALTER TABLE `admins`
  ADD PRIMARY KEY (`id`),
  ADD UNIQUE KEY `admins_email_unique` (`email`);

--
-- Indexes for table `brands`
--
ALTER TABLE `brands`
  ADD PRIMARY KEY (`id`);

--
-- Indexes for table `carts`
--
ALTER TABLE `carts`
  ADD PRIMARY KEY (`id`);

--
-- Indexes for table `categories`
--
ALTER TABLE `categories`
  ADD PRIMARY KEY (`id`);

--
-- Indexes for table `checkouts`
--
ALTER TABLE `checkouts`
  ADD PRIMARY KEY (`id`);

--
-- Indexes for table `contacts`
--
ALTER TABLE `contacts`
  ADD PRIMARY KEY (`id`);

--
-- Indexes for table `failed_jobs`
--
ALTER TABLE `failed_jobs`
  ADD PRIMARY KEY (`id`),
  ADD UNIQUE KEY `failed_jobs_uuid_unique` (`uuid`);

--
-- Indexes for table `migrations`
--
ALTER TABLE `migrations`
  ADD PRIMARY KEY (`id`);

--
-- Indexes for table `order_histories`
--
ALTER TABLE `order_histories`
  ADD PRIMARY KEY (`id`);

--
-- Indexes for table `password_resets`
--
ALTER TABLE `password_resets`
  ADD KEY `password_resets_email_index` (`email`);

--
-- Indexes for table `personal_access_tokens`
--
ALTER TABLE `personal_access_tokens`
  ADD PRIMARY KEY (`id`),
  ADD UNIQUE KEY `personal_access_tokens_token_unique` (`token`),
  ADD KEY `personal_access_tokens_tokenable_type_tokenable_id_index` (`tokenable_type`,`tokenable_id`);

--
-- Indexes for table `products`
--
ALTER TABLE `products`
  ADD PRIMARY KEY (`id`);

--
-- Indexes for table `reviews`
--
ALTER TABLE `reviews`
  ADD PRIMARY KEY (`id`);

--
-- Indexes for table `site_settings`
--
ALTER TABLE `site_settings`
  ADD PRIMARY KEY (`id`);

--
-- Indexes for table `sliders`
--
ALTER TABLE `sliders`
  ADD PRIMARY KEY (`id`);

--
-- Indexes for table `sub_categories`
--
ALTER TABLE `sub_categories`
  ADD PRIMARY KEY (`id`);

--
-- Indexes for table `users`
--
ALTER TABLE `users`
  ADD PRIMARY KEY (`id`),
  ADD UNIQUE KEY `users_username_unique` (`username`),
  ADD UNIQUE KEY `users_email_unique` (`email`);

--
-- AUTO_INCREMENT for dumped tables
--

--
-- AUTO_INCREMENT for table `aboutuses`
--
ALTER TABLE `aboutuses`
  MODIFY `id` bigint UNSIGNED NOT NULL AUTO_INCREMENT;

--
-- AUTO_INCREMENT for table `admins`
--
ALTER TABLE `admins`
  MODIFY `id` bigint UNSIGNED NOT NULL AUTO_INCREMENT, AUTO_INCREMENT=5;

--
-- AUTO_INCREMENT for table `brands`
--
ALTER TABLE `brands`
  MODIFY `id` bigint UNSIGNED NOT NULL AUTO_INCREMENT, AUTO_INCREMENT=7;

--
-- AUTO_INCREMENT for table `carts`
--
ALTER TABLE `carts`
  MODIFY `id` bigint UNSIGNED NOT NULL AUTO_INCREMENT, AUTO_INCREMENT=4;

--
-- AUTO_INCREMENT for table `categories`
--
ALTER TABLE `categories`
  MODIFY `id` bigint UNSIGNED NOT NULL AUTO_INCREMENT, AUTO_INCREMENT=7;

--
-- AUTO_INCREMENT for table `checkouts`
--
ALTER TABLE `checkouts`
  MODIFY `id` bigint UNSIGNED NOT NULL AUTO_INCREMENT, AUTO_INCREMENT=6;

--
-- AUTO_INCREMENT for table `contacts`
--
ALTER TABLE `contacts`
  MODIFY `id` bigint UNSIGNED NOT NULL AUTO_INCREMENT;

--
-- AUTO_INCREMENT for table `failed_jobs`
--
ALTER TABLE `failed_jobs`
  MODIFY `id` bigint UNSIGNED NOT NULL AUTO_INCREMENT;

--
-- AUTO_INCREMENT for table `migrations`
--
ALTER TABLE `migrations`
  MODIFY `id` int UNSIGNED NOT NULL AUTO_INCREMENT, AUTO_INCREMENT=60;

--
-- AUTO_INCREMENT for table `order_histories`
--
ALTER TABLE `order_histories`
  MODIFY `id` bigint UNSIGNED NOT NULL AUTO_INCREMENT, AUTO_INCREMENT=11;

--
-- AUTO_INCREMENT for table `personal_access_tokens`
--
ALTER TABLE `personal_access_tokens`
  MODIFY `id` bigint UNSIGNED NOT NULL AUTO_INCREMENT;

--
-- AUTO_INCREMENT for table `products`
--
ALTER TABLE `products`
  MODIFY `id` bigint UNSIGNED NOT NULL AUTO_INCREMENT, AUTO_INCREMENT=7;

--
-- AUTO_INCREMENT for table `reviews`
--
ALTER TABLE `reviews`
  MODIFY `id` bigint UNSIGNED NOT NULL AUTO_INCREMENT;

--
-- AUTO_INCREMENT for table `site_settings`
--
ALTER TABLE `site_settings`
  MODIFY `id` bigint UNSIGNED NOT NULL AUTO_INCREMENT;

--
-- AUTO_INCREMENT for table `sliders`
--
ALTER TABLE `sliders`
  MODIFY `id` bigint UNSIGNED NOT NULL AUTO_INCREMENT, AUTO_INCREMENT=4;

--
-- AUTO_INCREMENT for table `sub_categories`
--
ALTER TABLE `sub_categories`
  MODIFY `id` bigint UNSIGNED NOT NULL AUTO_INCREMENT, AUTO_INCREMENT=7;

--
-- AUTO_INCREMENT for table `users`
--
ALTER TABLE `users`
  MODIFY `id` bigint UNSIGNED NOT NULL AUTO_INCREMENT, AUTO_INCREMENT=3;
COMMIT;

/*!40101 SET CHARACTER_SET_CLIENT=@OLD_CHARACTER_SET_CLIENT */;
/*!40101 SET CHARACTER_SET_RESULTS=@OLD_CHARACTER_SET_RESULTS */;
/*!40101 SET COLLATION_CONNECTION=@OLD_COLLATION_CONNECTION */;
